selections,new_tip_label,data_percent_missing,data_number_missing,data_percent_ambiguous,data_number_ambiguous,CROWN AGE PICKS - 1,CROWNN AGE PICKS 2
y,Ceratophrys_cornuta_MVZ247561,16.03,85948,0.076669235,411,,
y,Cruziohyla_calcarifer,34.43,184549,0.088421453,474,,
y,Cyclorana_cultripes_16892,2.49,13340,0.248848562,1334,,
y,Hypsiboas_crepitans_YPM10666,18.12,97138,0.174977475,938,,
y,Litoria_adelaidensis_28282,5.91,31660,0.247915847,1329,,
y,Litoria_andiirrmalin,10.1,54132,0.016788884,90,,
y,Litoria_angiana_48210,7.41,39740,0.123678109,663,,
y,Litoria_brevipalmata_127632,6.29,33702,0.325331254,1744,,
y,Litoria_burrowsi_17631,8.58,45981,0.130766748,701,,
y,Litoria_citropa_7146,2,10716,0.102225646,548,,
y,Litoria_dahlii_102434,2.9,15542,0.091406144,490,,
y,Litoria_dentata_100638,2.7,14496,0.407223697,2183,,
y,Litoria_dorsalis_79181,6.37,34139,0.341000879,1828,,
y,Litoria_fallax_102409,8.9,47706,0.310780888,1666,,
y,Litoria_genimaculata_42824,2.92,15655,0.112672063,604,,
y,Litoria_gilleni_30786,2.45,13141,0.041972209,225,,
y,Litoria_infrafrenata_86210,2.71,14511,0.920963533,4937,,
y,Litoria_raniformis_12854,1.47,7855,0.120133789,644,,
y,Litoria_revelata_80814,2.21,11847,0.140280449,752,,
y,Litoria_thesaurensis_50489,2.22,11927,0.231873136,1243,,
y,Litoria_tornieri_11777,4.88,26160,0.538363532,2886,,
y,Litoria_tyleri_3925,2.13,11402,0.246796588,1323,,
y,Litoria_wilcoxii_16804,1.85,9892,0.153151926,821,,
y,Litoria_xanthomera_102385,1.99,10667,0.168075378,901,,
y,Nyctimystes_dayi_15997,1.91,10231,0.09532355,511,,
y,Nyctimystes_disrupta_48225,2.84,15204,0.035629742,191,,
y,Osteopilus_dominicensis_MCZA148702,13.78,73881,0.27533769,1476,,
y,Phyllomedusa_vallantii,60.76,325711,0.110620088,593,,
y,Stefania_evansi_BPN1286,15.07,80776,0.074430717,399,,
,Litoria_nannotis_11587,1.17,6272,0.042718381,229,,
,Litoria_daviesae_12794,1.42,7631,0.130766748,701,,
,Litoria_nannotis_11586,1.45,7767,0.04794159,257,,
,Litoria_aurea_25471,1.67,8975,0.104277621,559,,
,Litoria_nyakalensis_15999,1.75,9392,0.083944418,450,,
,Litoria_subglandulosa_12359,1.83,9806,0.129647489,695,,
,Litoria_barringtonensis_25324,2.08,11154,0.377749879,2025,,
,Litoria_chloris_26305,2.16,11565,0.280933984,1506,,
,Litoria_gracilenta_11512,2.17,11641,0.331114092,1775,,
,Litoria_sp.nov3_100680,2.18,11682,0.169194637,907,,
,Litoria_wilcoxii_16866,2.21,11838,0.130393662,699,,
,Litoria_xanthomera_102387,2.28,12196,0.182812287,980,,
,Litoria_nyakalensis_16000,2.35,12601,0.08823491,473,,
,Cyclorana_platycephala_12724,2.46,13171,0.1906471,1022,,
,Cyclorana_manya_13050,2.48,13312,0.418416286,2243,,
,Litoria_revelata_80817,2.51,13468,0.069953681,375,,
,Cyclorana_vagitus_16894,2.53,13565,0.300147929,1609,,
,Litoria_xanthomera_102386,2.55,13655,0.14923452,800,,
,Litoria_jungguy_16800,2.56,13698,0.137668845,738,,
,Litoria_booroolongensis_69046,2.59,13908,0.066968991,359,,
,Litoria_lutea_86129,2.64,14132,0.253512141,1359,,
,Litoria_serrata_ABTC51058,2.64,14163,0.241200293,1293,,
,Litoria_jungguy_13044,2.67,14303,0.157442419,844,,
,Cyclorana_cultripes_99710,2.67,14305,0.293618918,1574,,
,Litoria_rheocola_7090,2.71,14543,0.095137007,510,,
,Litoria_darlingtoni_98922,2.8,15018,0.138788104,744,,
,Litoria_nannotis_11588,2.83,15187,0.042904925,230,,
,Litoria_thesaurensis_86127,2.85,15257,0.351633838,1885,,
,Litoria_corbeni_102392,2.87,15393,0.074990346,402,,
,Cyclorana_verrucosa_12677,2.9,15520,0.389129011,2086,,
,Litoria_everetti_86577,2.9,15528,0.141026622,756,,
,Nyctimystes_zweifeli_45547,2.94,15767,0.107635398,577,,
,Nyctimystes_semipalmata_48586,2.94,15785,0.08879454,476,,
,Litoria_splendida_30734,2.96,15844,0.077975037,418,,
,Litoria_lesueurii_14226,2.98,15984,0.0817059,438,,
,Litoria_caerulea_30767,2.99,16002,0.352380011,1889,,
,Nyctimystes_dayi_15992,3.01,16147,0.078534666,421,,
,Cyclorana_maini_30923,3.02,16178,0.619323259,3320,,
,Litoria_ewingii_33479,3.11,16654,0.131886007,707,,
,Cyclorana_longipes_30338,3.11,16657,0.993901904,5328,,
,Nyctimystes_pulcher_101933,3.13,16758,0.1729255,927,,
,Litoria_dux_98569,3.18,17026,0.062865042,337,,
,Cyclorana_longipes_102806,3.18,17054,0.634246711,3400,,
,Litoria_paraewingi_12856,3.18,17073,0.817805171,4384,,
,Nyctimystes_rueppelli_125905,3.23,17298,0.523626623,2807,,
,Cyclorana_brevipes_84916,3.3,17670,0.509635886,2732,,
,Nyctimystes_humeralis_44903,3.31,17740,0.075923062,407,,
,Cyclorana_cryptotis_12709,3.35,17945,0.413379621,2216,,
,Nyctimystes_sp.nov5_49831,3.35,17982,0.135803413,728,,
,Litoria_impura_43283,3.36,18003,0.263212385,1411,,
,Cyclorana_alboguttata_102570,3.45,18498,0.097002438,520,,
,Litoria_serrata_16059,3.46,18523,0.217695856,1167,,
,Litoria_rubella_3688,3.54,18971,0.430541591,2308,,
,Nyctimystes_kubori_98285,3.64,19504,0.156696246,840,,
,Nyctimystes_cheesmani_group_49729,3.82,20492,0.138974647,745,,
,Litoria_auae_101843,3.86,20673,0.500681815,2684,,
,Cyclorana_brevipes_76114,4,21463,0.513553293,2753,,
,Litoria_auae_101889,4.03,21580,0.490421942,2629,,
,Litoria_booroolongensis_12243,4.03,21627,0.115843296,621,,
,Nyctimystes_rueppelli_104578,4.04,21653,2.720545303,14584,,
,Litoria_rubella_16188,4.05,21726,0.689463483,3696,,
,Litoria_amboinensis_100658,4.19,22474,0.344545198,1847,,
,Litoria_auae_98266,4.2,22528,0.476244663,2553,,
,Litoria_impura_80995,4.54,24314,0.316750269,1698,,
,Litoria_nasuta_1174,4.69,25126,0.201653145,1081,,
,Litoria_rheocola_7091,4.7,25176,0.09177923,492,,
,Litoria_nigrofrenata_79173,4.71,25250,0.144011312,772,,
,Litoria_spaldingi_123497,4.71,25273,0.323465822,1734,,
,Litoria_rubella_13419,4.72,25314,1.005654123,5391,,
,Litoria_dentata_ABTC1227,4.72,25329,0.178521795,957,,
,Nyctimystes_cheesmani_group_43137,4.76,25501,0.106702682,572,,
,Litoria_kroombitensis_15947,4.76,25542,0.082078986,440,,
,Litoria_multicolor_100660,4.78,25639,0.145130571,778,,
,Litoria_spenceri_60120,4.82,25817,0.048874305,262,,
,Litoria_sanguinolenta_138775,4.88,26168,0.038614432,207,,
,Litoria_congenita?_79204,4.94,26499,0.148488348,796,,
,Litoria_nasuta_12737,5,26797,0.43763023,2346,,
,Litoria_freycineti_3924,5.02,26929,0.188968211,1013,,
,Litoria_nasuta_12530,5.03,26942,0.41748357,2238,,
,Cyclorana_maculosa_86731,5.03,26965,0.27179337,1457,,
,Litoria_sauroni_81774,5.1,27352,0.097375524,522,,
,Nyctimystes_sp.nov4_48200,5.32,28498,3.809211128,20420,,
,Litoria_dentata_123771,5.32,28515,0.279255096,1497,,
,Litoria_huntorum_98747,5.36,28739,0.15930785,854,,
,Litoria_sauroni_76032,5.37,28785,0.118268357,634,,
,Litoria_phyllochroa_7127,5.49,29425,0.144197855,773,,
,Litoria_purpureolata_100670,5.53,29650,0.186170064,998,,
,Litoria_tornieri_12516,6,32185,0.484452561,2597,,
,Litoria_elkeae_100654,6.01,32244,0.285784106,1532,,
,Litoria_meiriana_28369,6.04,32367,0.316563726,1697,,
,Nyctimystes_oktediensis_126580,6.05,32448,0.101479474,544,,
,Cyclorana_australis_31922,6.08,32572,0.280374355,1503,,
,Cyclorana_longipes_12714,6.24,33434,0.782548515,4195,,
,Litoria_verreauxii_25447,6.29,33705,0.445091956,2386,,
,Litoria_mucro_100677,6.84,36673,3.933075779,21084,,
,Litoria_purpureolata_98746,7.06,37843,0.219747831,1178,,
,Litoria_microbelos_93361,7.14,38259,0.329621746,1767,,
,Litoria_becki_98972,7.23,38738,0.242133009,1298,,
,Litoria_jervisiensis_80824,7.34,39331,0.093271575,500,,
,Litoria_serrata_ABTC32219,7.43,39818,0.225903755,1211,,
,Litoria_microbelos_93360,7.44,39902,0.326637056,1751,,
,Litoria_lorica_45757,7.54,40427,0.063797757,342,,
,Litoria_rivicola_100683,7.58,40660,0.161919454,868,,
,Litoria_phyllochroa_7126,7.59,40672,0.120693418,647,,
,Litoria_lutea_98805,7.76,41606,0.265450903,1423,,
,Litoria_sp.nov1_ABTC104725,7.83,41991,0.211166846,1132,,
,Litoria_cyclorhyncha_112521,7.84,42014,0.056336031,302,,
,Litoria_personata_28325,7.88,42221,0.173671673,931,,
,Litoria_gasconi_109590,7.91,42413,0.094577377,507,,
,Litoria_spartacus_98336,8,42863,0.133751439,717,,
,Litoria_nigropunctata_group_sp.nov_98583,8.1,43424,0.151659581,813,,
,Litoria_peronii_34460,8.21,44007,0.108568113,582,,
,Cyclorana_sp.nov_ABTC110132,8.22,44080,0.222545978,1193,,
,Litoria_arfakiana_45219,8.35,44771,0.109500829,587,,
,Litoria_havina_group_100668,8.38,44938,0.188595125,1011,,
,Litoria_prora_98249,8.42,45135,0.259108436,1389,,
,Litoria_dahlii_123482,8.45,45318,0.099800585,535,,
,Litoria_exophthalmia_45317,8.75,46903,0.198295369,1063,,
,Litoria_vivissimia_98946,8.88,47592,0.167888835,900,,
,Litoria_major_ABTC7289,8.91,47763,0.052232082,280,,
,Litoria_chrisdahli_98912,9.1,48777,0.235230912,1261,,
,Litoria_lodesdema_104705,9.13,48927,0.052791712,283,,
,Litoria_richardsi_98611,9.19,49275,0.339135447,1818,,
,Litoria_bella_ABTC58968,9.39,50357,0.306303853,1642,,
,Litoria_congenita_ABTC79196,9.41,50461,4.589707668,24604,,
,Litoria_olongburensis_17814,9.42,50492,0.163038713,874,,
,Litoria_prora_98252,9.5,50937,0.270860654,1452,,
,Litoria_kroombitensis_15946,9.52,51043,0.068647879,368,,
,Cyclorana_platycephala_98222,9.68,51896,3.788691381,20310,,
,Litoria_pallida_76991,10.13,54298,0.257802634,1382,,
,Litoria_havina_98890,10.14,54333,0.219188202,1175,,
,Nyctimystes_pulcher_45312,10.14,54362,0.174231302,934,,
,Litoria_corbeni_80815,10.15,54433,0.08525022,457,,
,Litoria_myola_Lg566,10.17,54495,0.199601171,1070,,
,Litoria_axillaris_128276,10.24,54907,0.066409361,356,,
,Litoria_ewingii_ABTC17602,10.32,55298,0.649916335,3484,,
,Nyctimystes_foricula_45306,10.54,56510,0.082265529,441,,
,Litoria_huntorum_98736,10.58,56727,0.130393662,699,,
,Cyclorana_sp.nov_86192,10.6,56798,0.278695466,1494,,
,Litoria_iris_group_sp.nov_98387,10.63,56986,0.267875964,1436,,
,Litoria_electrica_16521,10.64,57056,0.1729255,927,,
,Litoria_sp.nov2_90177,10.8,57908,0.086742565,465,,
,Litoria_amboinensis_46784,10.81,57954,0.130953291,702,,
,Litoria_spinifera_98429,10.9,58418,0.16285217,873,,
,Litoria_modica_48643,10.99,58927,0.152405754,817,,
,Litoria_micromembrana_98290,11,58979,0.132259094,709,,
,Litoria_bicolor_93005,11.2,60019,0.246236958,1320,,
,Litoria_leucova_101473,11.23,60174,0.2273961,1219,,
,Litoria_myola_Lg564,11.45,61387,0.198481912,1064,,
,Litoria_nigropunctata_100671,11.59,62143,0.354618529,1901,,
,Litoria_eucnemis_32222,11.69,62685,0.122745393,658,,
,Litoria_peronii_ABTC16130,11.7,62746,0.253139055,1357,,
,Litoria_longirostrus_17594,11.84,63481,0.132445637,710,,
,Litoria_rothii_72792,12.01,64378,0.228328816,1224,,
,Litoria_rothii_ABTC137447,12.1,64881,0.401440859,2152,,
,Litoria_dentata_ABTC128573,12.29,65908,0.318429157,1707,,
,Litoria_coplandi_ABTC70726,12.49,66970,0.060066894,322,,
,Litoria_serrata_ABTC51146,12.54,67241,0.197735739,1060,,
,Litoria_coplandi_123484,12.57,67407,0.271047197,1453,,
,Litoria_congenita_79184,12.85,68873,1.693438718,9078,,
,Litoria_pygmaea_114941,12.88,69031,0.214711166,1151,,
,Litoria_chloronota_64885,12.97,69546,0.088048367,472,,
,Litoria_spartacus_group_sp.nov_98659,13.01,69724,0.177589079,952,,
,Litoria_multiplica_45061,13.3,71303,0.190274013,1020,,
,Litoria_verreauxii_ABTC104270,13.36,71600,0.494525891,2651,,
,Litoria_nudidigita_90593,13.46,72145,0.195683765,1049,,
,Litoria_latopalmata_15974,13.59,72830,0.187289323,1004,,
,Litoria_serrata_ABTC31995,13.61,72972,0.249408192,1337,,
,Cyclorana_novaehollandiae_ABTC109721,13.67,73282,0.214524623,1150,,
,Litoria_nudidigita_90592,13.9,74492,0.212099562,1137,,
,Litoria_chloristona_141581,13.94,74736,0.143078596,767,,
,Litoria_chloristona_141499,14.05,75340,0.13916119,746,,
,Litoria_aurifera_97929,14.31,76720,0.113231692,607,,
,Litoria_watjulumensis_ABTC131800,14.37,77013,0.290074599,1555,,
,Litoria_biakensis_100669,14.58,78172,0.097562068,523,,
,Litoria_becki_98971,15.05,80684,0.227769186,1221,,
,Litoria_caerulea_ABTC98909,15.82,84800,0.075923062,407,,
,Litoria_cooloolensis_100605,15.92,85333,0.11901453,638,,
,Litoria_bulmeri_133760,15.93,85393,0.083944418,450,,
,Litoria_coplandi_ABTC7269,16.09,86243,0.182439201,978,,
,Litoria_ewingii_ABTC14683,16.4,87896,0.098681326,529,,
,Litoria_genimaculata_ABTC90133,16.94,90807,0.146436373,785,,
,Nyctimystes_pulcher_45336,16.99,91060,0.153525013,823,,
,Litoria_major_ABTC7187,17,91153,0.049060849,263,,
,Litoria_castanea_ABTC139731,17.53,93981,0.038614432,207,,
,Litoria_gasconi_90027,17.74,95088,0.07816158,419,,
,Litoria_havina_98889,17.76,95232,0.182812287,980,,
,Litoria_majikthise_98632,17.84,95625,0.18710278,1003,,
,Litoria_pearsoniana_26293,17.85,95707,0.322533107,1729,,
,Litoria_oenicolen_118073,19.05,102100,0.095137007,510,,
,Litoria_rothii_ABTC28896,19.07,102213,0.260414238,1396,,
,Litoria_wollastoni_47817,19.11,102437,0.112858606,605,,
,Litoria_verreauxii_ABTC25334,19.6,105063,0.364878402,1956,,
,Litoria_spaldingi_93384,19.73,105788,0.230753877,1237,,
,Litoria_fallax_93010,19.87,106536,0.253512141,1359,,
,Litoria_moorei_7164,19.92,106773,0.120879961,648,,
,Litoria_iris_98935,19.95,106920,0.243625354,1306,,
,Litoria_rothii_ABTC11563,20.43,109496,0.097002438,520,,
,Litoria_amboinensis_98322,22.89,122721,0.599363142,3213,,
,Litoria_iris_group_sp.nov_98960,23.13,123976,0.151659581,813,,
,Nyctimystes_papua_48564,23.29,124877,0.102039103,547,,
,Litoria_sauroni_98778,23.7,127047,0.064917016,348,,
,Litoria_richardsi_98607,24.75,132691,0.329062117,1764,,
,Litoria_staccato_131952,27.23,145972,0.154271185,827,,
,Litoria_pratti_group_126562,29.73,159359,0.101292931,543,,
,Cyclorana_maculosa_99717,29.8,159729,0.197922282,1061,,
,Litoria_pratti_group_126561,30.66,164354,0.095883179,514,,
,Litoria_singadanae_98533,33.22,178086,0.098494783,528,,
,Litoria_littlejohni_ABTC7138,34.28,183748,0.098121697,526,,
,Litoria_cooloolensis_84894,54.27,290914,0.657751148,3526,,
,Litoria_dorsivena_112514,56.75,304239,0.045143442,242,,
,Litoria_richardsi_98849,58.71,314748,0.142892053,766,,
,Nyctimystes_fluviatilis_114918,62.59,335515,0.061932326,332,,
,Litoria_freycineti_7134,65.04,348635,0.033018138,177,,
,Nyctimystes_kuduki_98334,67.61,362443,0.056336031,302,,
,Litoria_cavernicola_59689,80.78,433031,0.019027401,102,,
,Litoria_inermis_76990,82.58,442707,0.039547148,212,,