query_id,subject_id,perc_identity,num_ident_matches,alig_length,mismatches,gap_openings,n_gaps,pos_match,ppos,q_start,q_end,q_len,qcov,qcovhsp,s_start,s_end,s_len,evalue,bit_score,score_raw
Mi_L10__My_L7,Hylidae_L10,75.356,1006,1335,299,5,30,1006,75.36,1034,2364,5315,25,25,79,1387,1602,0,935,1036
Mi_L100__My_L66,Hi_L92__Hy_L83,77.867,876,1125,231,7,18,876,77.87,384,1499,2234,50,50,299,1414,1429,0,770,853
Mi_L101__My_L67,Hi_L93__Hy_L84,80.972,1000,1235,235,0,0,1000,80.97,1078,2312,2915,42,42,4,1238,1785,0,1107,1227
Mi_L103__My_L69,Hi_L95__Hy_L85,75.642,913,1207,280,7,14,913,75.64,4262,5464,12322,16,10,35,1231,2044,0,697,772
Mi_L104__My_L70,Hylidae_L86,73.678,1226,1664,366,13,72,1226,73.68,472,2126,2382,69,69,1,1601,1617,0,1033,1145
Mi_L108__My_L72,Hi_L99__Hy_L88,75,435,580,121,11,24,435,75,352,917,2999,48,19,224,793,1767,1.73e-94,342,378
Mi_L113__My_L74,Hylidae_L91,81.636,938,1149,211,0,0,938,81.64,115,1263,5577,21,21,114,1262,1482,0,1122,1243
Mi_L114__My_L75,Hi_L105__Hy_L92,74.758,773,1034,258,3,3,773,74.76,214,1246,2034,51,51,251,1282,1515,0,676,749
Mi_L115__My_L77,Hi_L107__Hy_L93,79.478,457,575,96,14,22,457,79.48,414,981,1234,46,46,195,754,1020,1.89e-127,450,498
Mi_L116__My_L78,Hylidae_L94,80.526,674,837,119,21,44,674,80.53,155,970,1061,77,77,852,39,852,0,732,811
Mi_L117__My_L79,Hi_L109__Hy_L95,71.522,766,1071,221,32,84,766,71.52,164,1199,1397,74,74,143,1164,1260,1.54e-135,477,528
Mi_L118__My_L80,Hi_L110__Hy_L96,71.363,1246,1746,372,63,128,1246,71.36,6708,8374,8708,19,19,176,1872,1872,0,750,831
Mi_L119__My_L81,Hylidae_L97,68.271,383,561,148,14,30,383,68.27,3793,4341,4735,12,12,920,378,1068,8.98e-50,194,214
Mi_L120__My_L82,Hi_L112__Hy_L98,80.019,841,1051,210,0,0,841,80.02,160,1210,2094,50,50,307,1357,1587,0,960,1064
Mi_L121__My_L83,Hi_L113__Hy_L99,73.832,553,749,166,15,30,553,73.83,202,935,1240,59,59,253,986,1173,1.2e-123,437,484
Mi_L122__My_L84,Hylidae_L100,80.766,886,1097,205,3,6,886,80.77,196,1292,1410,78,78,235,1325,1578,0,1038,1150
Mi_L123__My_L86,Hi_L115__Hy_L101,83.136,912,1097,174,6,11,912,83.14,1185,2277,4185,39,26,3,1092,1956,0,1052,1166
Mi_L124__My_L87,Hi_L116__Hy_L102,81.174,1328,1636,306,2,2,1328,81.17,3598,5232,5429,30,30,1,1635,1884,0,1547,1715
Mi_L125__My_L88,Hylidae_L103,67.101,773,1152,335,11,44,773,67.1,1458,2603,3593,32,32,288,1401,1446,3.51e-104,375,415
Mi_L126__My_L89,Hi_L118__Hy_L104,73.966,304,411,105,2,2,304,73.97,291,700,5393,11,8,322,731,1515,8.97e-57,217,240
Mi_L127__My_L90,Hylidae_L105,69.628,337,484,75,17,72,337,69.63,1117,1591,1900,41,25,543,123,1314,4.36e-49,190,210
Mi_L13__My_L8,Hi_L10__Hy_L12,78.151,558,714,156,0,0,558,78.15,3391,4104,4386,16,16,58,771,1002,6.79e-165,577,639
Mi_L130__My_L91,Hi_L122__Hy_L108,72.904,1313,1801,352,63,136,1313,72.9,2626,4347,4603,37,37,1,1744,1956,0,860,953
Mi_L131__My_L92,Hi_L123__Hy_L109,79.591,1712,2151,437,2,2,1712,79.59,284,2433,15139,14,14,295,2444,2448,0,1691,1874
Mi_L133__My_L93,Hi_L125__Hy_L111,83.482,1587,1901,311,1,3,1587,83.48,10,1907,1923,99,99,1,1901,1908,0,2012,2231
Mi_L135__My_L94,Hi_L127__Hy_L113,70.11,767,1094,285,23,42,767,70.11,135,1205,3197,53,34,84,1158,2322,3.33e-129,457,506
Mi_L136__My_L95,Hylidae_L114,74.409,346,465,113,2,6,346,74.41,1477,1938,2982,15,15,196,657,1284,1.84e-81,299,331
Mi_L137__My_L96,Hylidae_L115,66.339,473,713,199,14,41,473,66.34,203,909,3686,22,19,246,923,1197,1.04e-47,187,207
Mi_L138__My_L97,Hi_L130__Hy_L116,73.361,1253,1708,384,36,71,1253,73.36,1481,3146,4752,35,35,258,1936,2211,0,866,959
Mi_L14__My_L9,Hi_L11__Hy_L13,80.304,897,1117,137,33,83,897,80.3,50,1132,1371,79,79,88,1155,1392,0,765,848
Mi_L141__My_L98,Hylidae_L119,83.333,1020,1224,204,0,0,1020,83.33,189,1412,1493,82,82,106,1329,1404,0,1288,1428
Mi_L143__My_L100,Hi_L135__Hy_L120,71.818,869,1210,251,46,90,869,71.82,203,1384,1573,75,75,267,1414,1653,1.34e-149,525,581
Mi_L144__My_L101,Hi_L136__Hy_L121,78.204,1245,1592,329,5,18,1245,78.2,6794,8382,8666,18,18,8,1584,1815,0,1231,1364
Mi_L145__My_L102,Hi_L137__Hy_L122,79.72,1026,1287,195,33,66,1026,79.72,1763,3018,3403,37,37,229,1480,1869,0,1012,1122
Mi_L146__My_L103,Hi_L138__Hy_L123,79.492,1376,1731,355,0,0,1376,79.49,2828,4558,9001,19,19,133,1863,2028,0,1414,1567
Mi_L149__My_L105,Hi_L141__Hy_L125,77.064,756,981,205,5,20,756,77.06,259,1232,1395,70,70,1,968,1173,0,670,742
Mi_L151__My_L106,Hylidae_L126,84.718,632,746,111,1,3,632,84.72,1,746,944,79,79,10,752,936,0,830,920
Mi_L152__My_L107,Hylidae_L127,69.111,886,1282,314,36,82,886,69.11,1420,2654,3816,32,32,1453,207,1461,3.06e-124,441,488
Mi_L153__My_L108,Hi_L144__Hy_L128,75.506,1119,1482,349,9,14,1119,75.51,633,2107,2151,69,69,165,1639,1707,0,1016,1126
Mi_L155__My_L110,Hi_L146__Hy_L129,73.407,1129,1538,310,44,99,1129,73.41,353,1851,2061,73,73,160,1637,1818,0,841,932
Mi_L156__My_L111,Hi_L147__Hy_L131,69.001,946,1371,311,42,114,946,69,6960,8256,12088,11,11,65,1395,1395,3.87e-135,479,530
Mi_L157__My_L112,Hi_L149__Hy_L132,83.296,748,898,143,4,7,748,83.3,199,1093,1208,74,74,213,1106,1212,0,935,1036
Mi_L158__My_L113,Hylidae_L133,74.117,1028,1387,316,11,43,1028,74.12,334,1695,3120,44,44,58,1426,1437,0,894,991
Mi_L159__My_L114,Hi_L151__Hy_L134,76.188,1251,1642,385,4,6,1251,76.19,732,2370,4641,35,35,297,1935,1941,0,1120,1241
Mi_L160__My_L115,Hi_L152__Hy_L135,80.525,1166,1448,280,1,2,1166,80.52,187,1632,1659,87,87,137,1584,1644,0,1339,1484
Mi_L164__My_L116,Hi_L153__Hy_L136,76.319,1273,1668,390,5,5,1273,76.32,1567,3233,7794,21,21,10,1673,1710,0,1166,1292
Mi_L165__My_L117,Hi_L154__Hy_L137,79.787,1350,1692,242,44,100,1350,79.79,337,1970,2478,66,66,1,1650,1881,0,1324,1467
Mi_L167__My_L118,Hi_L156__Hy_L139,75.625,968,1280,233,35,79,968,75.62,215,1463,2193,57,57,134,1365,1461,0,808,895
Mi_L17__My_L10,Hime_L14,73.974,631,853,178,20,44,631,73.97,1238,2085,3922,31,22,1,814,1674,1.34e-141,499,553
Mi_L170__My_L120,Hi_L159__Hy_L142,85.346,1025,1201,171,4,5,1025,85.35,12,1211,1271,94,94,82,1278,1458,0,1331,1475
Mi_L172__My_L121,Hi_L161__Hy_L144,77.244,611,791,147,17,33,611,77.24,1459,2234,2530,31,31,165,937,1239,2.02e-143,505,559
Mi_L173__My_L122,Hi_L162__Hy_L145,72.836,1161,1594,348,36,85,1161,72.84,1003,2543,2846,54,54,1,1562,1794,0,815,903
Mi_L174__My_L123,Hi_L163__Hy_L146,74.431,719,966,144,38,103,719,74.43,704,1607,1615,56,56,284,1208,1260,3.68e-163,569,630
Mi_L175__My_L124,Hi_L164__Hy_L147,75.536,176,233,54,1,3,176,75.54,2681,2913,4972,13,5,1576,1805,2189,5.22e-34,141,156
Mi_L179__My_L126,Hylidae_L151,75.22,768,1021,181,35,72,768,75.22,1483,2456,2734,48,36,1001,6,1713,3.95e-178,620,687
Mi_L18__My_L11,Hi_L15__Hy_L16,81.029,1102,1360,256,1,2,1102,81.03,969,2328,2643,51,51,43,1400,1674,0,1237,1371
Mi_L180__My_L128,Hylidae_L153,81.967,600,732,132,0,0,600,81.97,1882,2613,3435,21,21,1,732,738,0,726,804
Mi_L181__My_L127,Hi_L169__Hy_L152,83.388,768,921,151,2,2,768,83.39,1720,2639,3477,26,26,145,1064,1185,0,965,1069
Mi_L182__My_L130,Hi_L172__Hy_L155,72.59,1205,1660,431,11,24,1205,72.59,1210,2863,7218,23,23,205,1846,2049,0,837,927
Mi_L183__My_L131,Hime_L173,71.598,1026,1433,307,43,100,1026,71.6,12180,13612,25546,6,6,1,1333,1533,0,684,758
Mi_L186__My_L135,Hi_L177__Hy_L159,82.432,1342,1628,285,1,1,1342,82.43,92,1718,2394,68,68,10,1637,1800,0,1408,1561
Mi_L187__My_L137,Hylidae_L161,72.951,712,976,182,34,82,712,72.95,2443,3371,4805,19,19,1514,574,1809,2.43e-139,491,544
Mi_L188__My_L138,Hi_L179__Hy_L162,74.714,1569,2100,383,73,148,1569,74.71,6876,8894,10297,20,20,7,2039,2059,0,1111,1231
Mi_L19__My_L12,Hi_L16__Hy_L17,76.762,806,1050,243,1,1,806,76.76,194,1243,1530,69,69,241,1289,1614,0,770,853
Mi_L191__My_L139,Hylidae_L164,69.452,507,730,173,23,50,507,69.45,239,948,3600,20,20,920,221,1302,1.6e-70,262,290
Mi_L193__My_L140,Hi_L182__Hy_L166,80.353,728,906,137,18,41,728,80.35,1279,2157,4964,30,18,1035,1926,2187,0,671,743
Mi_L196__My_L141,Hi_L184__Hy_L168,79.891,878,1099,218,1,3,878,79.89,350,1448,3151,35,35,379,1474,1740,0,792,878
Mi_L2__My_L1,Hylidae_L2,81.003,1292,1595,298,3,5,1292,81,312,1905,4497,35,35,318,1908,1908,0,1504,1667
Mi_L20__My_L13,Hi_L17__Hy_L19,80.083,1347,1682,332,3,3,1347,80.08,1708,3389,7563,22,22,10,1688,1824,0,1504,1667
Mi_L200__My_L142,Hylidae_L170,84.336,603,715,90,9,22,603,84.34,856,1568,1641,66,43,602,1296,1314,0,767,850
Mi_L201__My_L143,Hylidae_L171,82.766,730,882,146,3,6,730,82.77,319,1198,1460,60,60,286,1163,1383,0,899,996
Mi_L202__My_L144,Hi_L187__Hy_L172,81.717,809,990,169,5,12,809,81.72,55,1040,1141,86,86,98,1079,1288,0,959,1063
Mi_L203__My_L145,Hylidae_L173,73.375,474,646,170,2,2,474,73.37,115,759,1008,64,64,61,705,720,1.88e-107,383,424
Mi_L204__My_L146,Hylidae_L174,77.795,494,635,135,1,6,494,77.8,756,1384,1530,59,41,870,1504,1641,8.2e-146,511,566
Mi_L205__My_L147,Hi_L191__Hy_L175,83.258,1482,1780,228,27,70,1482,83.26,42,1795,1907,92,92,46,1781,1934,0,1740,1929
Mi_L206__My_L148,Hi_L192__Hy_L176,88.546,1492,1685,188,2,5,1492,88.55,1,1683,8883,19,19,11,1692,2016,0,2051,2274
Mi_L207__My_L149,Hi_L193__Hy_L177,91.328,1485,1626,141,0,0,1485,91.33,301,1926,2184,74,74,127,1752,1776,0,2189,2427
Mi_L209__My_L150,Hylidae_L179,73.042,569,779,129,25,81,569,73.04,161,910,1085,69,69,113,839,873,7.05e-126,444,492
Mi_L210__My_L151,Hi_L196__Hy_L180,79.594,1568,1970,387,2,15,1568,79.59,6433,8402,10539,19,19,1,1955,1955,0,1543,1710
Mi_L212__My_L152,Hi_L198__Hy_L182,79.794,1319,1653,331,1,3,1319,79.79,971,2620,3487,47,47,283,1935,1938,0,1398,1550
Mi_L213__My_L153,Hi_L199__Hy_L183,72.651,696,958,235,7,27,696,72.65,178,1128,2414,71,39,16,953,1906,1.48e-157,552,611
Mi_L214__My_L154,Hime_L200,75.037,1001,1334,248,36,85,1001,75.04,263,1596,1998,67,67,24,1272,1278,0,834,924
Mi_L215__My_L155,Hi_L201__Hy_L184,76.263,1253,1643,382,6,8,1253,76.26,290,1928,2115,77,77,134,1772,1788,0,1202,1332
Mi_L217__My_L156,Hi_L203__Hy_L186,81.762,798,976,176,2,2,798,81.76,403,1377,1600,61,61,266,1240,1434,0,908,1006
Mi_L218__My_L157,Hi_L204__Hy_L187,76.942,931,1210,264,5,15,931,76.94,215,1424,1704,71,71,2,1196,1272,0,874,968
Mi_L221__My_L160,Hylidae_L189,70.386,328,466,121,7,17,328,70.39,3765,4226,11592,4,4,516,968,1392,3.49e-53,207,229
Mi_L223__My_L161,Hi_L209__Hy_L191,81.378,992,1219,224,2,3,992,81.38,2882,4099,4332,28,28,139,1355,1617,0,1149,1273
Mi_L225__My_L162,Hi_L211__Hy_L193,76.154,1204,1581,259,51,118,1204,76.15,1381,2896,3201,47,47,77,1604,1936,0,921,1021
Mi_L226__My_L163,Hi_L212__Hy_L194,76.144,865,1136,212,27,59,865,76.14,1339,2441,3431,32,32,58,1167,1494,0,719,797
Mi_L228__My_L164,Hi_L214__Hy_L196,68.013,421,619,147,22,51,421,68.01,7013,7616,10530,11,6,961,1543,1854,1.64e-50,197,218
Mi_L23__My_L14,Hi_L20__Hy_L20,72.182,1300,1801,486,9,15,1300,72.18,767,2561,2562,70,70,2,1793,1794,0,887,983
Mi_L232__My_L166,Hi_L218__Hy_L200,68.182,150,220,59,6,11,150,68.18,475,691,2296,9,9,425,636,1311,6.44e-10,61.7,67
Mi_L233__My_L167,Hi_L219__Hy_L201,75.737,668,882,161,20,53,668,75.74,1847,2702,2767,57,31,984,1838,1896,5.95e-100,360,398
Mi_L234__My_L168,Hi_L220__Hy_L202,78.571,638,812,171,2,3,638,78.57,564,1373,4987,16,16,214,1024,1197,0,656,727
Mi_L236__My_L169,Hylidae_L203,71.708,1209,1686,343,62,134,1209,71.71,166,1783,1894,85,85,214,1833,1962,0,756,838
Mi_L237__My_L170,Hi_L222__Hy_L204,79.292,1367,1724,331,12,26,1367,79.29,928,2629,3333,51,51,19,1738,1956,0,1324,1467
Mi_L238__My_L171,Hylidae_L205,67.932,716,1054,297,15,41,716,67.93,226,1262,4696,22,22,145,1174,1335,1.5e-97,352,390
Mi_L239__My_L172,Hi_L224__Hy_L206,82.237,1338,1627,257,10,32,1338,82.24,310,1923,2008,80,80,219,1826,1914,0,1552,1720
Mi_L24__My_L16,Hylidae_L23,89.054,1440,1617,99,29,78,1440,89.05,1,1573,1574,99,99,1596,14,1614,0,2066,2290
Mi_L240__My_L173,Hi_L225__Hy_L207,75.378,1047,1389,284,34,58,1047,75.38,4812,6173,11039,19,12,4,1361,2202,0,846,937
Mi_L241__My_L174,Hi_L226__Hy_L208,73.659,1401,1902,478,10,23,1401,73.66,1652,3539,3834,49,49,167,2059,2283,0,899,996
Mi_L242__My_L175,Hi_L227__Hy_L209,72.27,1251,1731,371,50,109,1251,72.27,429,2098,7019,24,24,2,1684,1746,0,864,957
Mi_L243__My_L176,Hylidae_L210,70.725,732,1035,217,32,86,732,70.72,1267,2275,2606,40,39,1335,361,1914,5.98e-125,443,490
Mi_L245__My_L177,Hi_L229__Hy_L211,76.784,850,1107,166,42,91,850,76.78,308,1374,2837,38,38,332,1387,1606,0,673,745
Mi_L247__My_L178,Hi_L230__Hy_L212,79.247,695,877,126,13,56,695,79.25,116,972,1115,77,77,20,860,864,0,732,811
Mi_L248__My_L180,Hi_L231__Hy_L214,86.902,1672,1924,237,6,15,1672,86.9,231,2151,2188,88,88,42,1953,1953,0,2121,2351
Mi_L249__My_L179,Hylidae_L213,84.414,1354,1604,239,5,11,1354,84.41,94,1689,1921,83,83,1,1601,1716,0,1749,1939
Mi_L25__My_L15,Hylidae_L21,82.103,1546,1883,223,62,114,1546,82.1,235,2064,2085,88,88,1868,47,2085,0,1719,1906
Mi_L251__My_L181,Hi_L234__Hy_L216,74.495,701,941,195,22,45,701,74.5,2617,3547,3770,49,25,1297,2202,2434,2.04e-145,511,566
Mi_L252__My_L182,Hylidae_L217,73.027,1416,1939,394,60,129,1416,73.03,165,2016,3263,57,57,2006,110,2154,0,1006,1115
Mi_L254__My_L183,Hylidae_L219,87.062,646,742,66,14,30,646,87.06,260,990,1200,61,61,301,1023,1248,0,842,933
Mi_L255__My_L185,Hi_L239__Hy_L220,67.839,1350,1990,347,43,293,1350,67.84,1,1990,2183,91,91,1,1697,1845,0,795,881
Mi_L256__My_L186,Hi_L240__Hy_L221,80.463,1565,1945,373,4,7,1565,80.46,1606,3544,3546,55,55,1,1944,1944,0,1802,1998
Mi_L257__My_L187,Hi_L241__Hy_L222,73.898,1090,1475,241,56,144,1090,73.9,236,1628,1804,77,77,146,1558,1767,0,794,880
Mi_L258__My_L188,Hi_L242__Hy_L223,72.775,695,955,175,34,85,695,72.77,715,1623,1946,47,47,11,926,1095,2.3e-141,498,551
Mi_L259__My_L189,Hi_L243__Hy_L224,77.128,725,940,208,3,7,725,77.13,1887,2822,3154,30,30,156,1092,1440,3.74e-179,623,690
Mi_L266__My_L193,Hi_L249__Hy_L231,76.564,1114,1455,234,48,107,1114,76.56,238,1612,1892,73,73,36,1463,1770,0,978,1084
Mi_L269__My_L195,Hi_L251__Hy_L232,82.19,803,977,120,24,54,803,82.19,220,1164,1852,65,51,145,1099,1738,0,794,880
Mi_L272__My_L196,Hi_L253__Hy_L234,80.164,683,852,162,5,7,683,80.16,332,1181,2911,29,29,97,943,1296,7.61e-156,545,604
Mi_L274__My_L198,Hi_L255__Hy_L236,74.843,1074,1435,347,7,14,1074,74.84,1258,2687,2814,51,51,215,1640,1818,0,876,971
Mi_L277__My_L200,Hylidae_L240,76.471,468,612,95,26,49,468,76.47,140,742,1011,60,60,152,723,969,6.57e-107,381,422
Mi_L278__My_L201,Hylidae_L241,69.416,1153,1661,378,56,130,1153,69.42,4076,5653,5653,28,28,1681,68,2052,1.39e-168,590,653
Mi_L279__My_L204,Hi_L262__Hy_L243,76.291,1300,1704,304,45,100,1300,76.29,2295,3949,4114,40,40,70,1722,1854,0,837,927
Mi_L280__My_L205,Hylidae_L244,78.27,1466,1873,275,54,132,1466,78.27,2589,4400,4440,41,41,1802,1,2013,0,1422,1576
Mi_L281__My_L206,Hi_L264__Hy_L245,80.301,587,731,141,2,3,587,80.3,816,1546,2219,46,33,139,866,1290,4.75e-176,612,678
Mi_L282__My_L208,Hi_L265__Hy_L246,77.07,605,785,119,28,61,605,77.07,216,969,2253,33,33,247,1001,1215,8.72e-154,538,596
Mi_L284__My_L209,Hi_L267__Hy_L247,80.7,715,886,171,0,0,715,80.7,1450,2335,2653,33,33,4,889,1409,0,829,919
Mi_L285__My_L210,Hi_L268__Hy_L248,83.4,1251,1500,247,1,2,1251,83.4,1641,3140,3902,42,38,309,1806,1926,0,1581,1752
Mi_L286__My_L211,Hi_L269__Hy_L249,86.774,1404,1618,206,4,8,1404,86.77,356,1971,2019,80,80,244,1855,1894,0,1918,2126
Mi_L288__My_L213,Hi_L272__Hy_L252,71.106,881,1239,286,33,72,881,71.11,841,2058,2304,53,53,8,1195,1491,2.92e-128,454,503
Mi_L289__My_L214,Hylidae_L253,80.87,93,115,20,1,2,93,80.87,1098,1212,1979,13,6,884,772,1032,4.26e-24,107,118
Mi_L290__My_L215,Hi_L274__Hy_L254,74.645,630,844,153,24,61,630,74.64,199,1007,1312,62,62,140,957,1308,1.65e-128,453,502
Mi_L294__My_L216,Hi_L278__Hy_L258,73.251,1372,1873,382,58,119,1372,73.25,4936,6738,13840,13,13,7,1830,1863,0,953,1056
Mi_L295__My_L217,Hi_L279__Hy_L259,77.337,1249,1615,257,54,109,1249,77.34,213,1804,2016,79,79,186,1714,1908,0,1095,1214
Mi_L298__My_L218,Hi_L282__Hy_L263,74.946,1382,1844,452,5,10,1382,74.95,847,2685,6406,29,29,1,1839,1839,0,1189,1318
Mi_L299__My_L219,Hylidae_L262,71.082,1288,1812,498,9,26,1288,71.08,826,2627,9387,19,19,1,1796,1797,0,896,993
Mi_L3__My_L2,Hi_L4__Hy_L3,76.557,1303,1702,351,20,48,1303,76.56,42,1733,1809,94,94,42,1705,1863,0,1142,1266
Mi_L300__My_L220,Hi_L284__Hy_L264,74.488,546,733,174,4,13,546,74.49,1460,2187,5599,27,13,838,1562,1834,1.79e-135,480,531
Mi_L302__My_L221,Hi_L288__Hy_L268,75.805,1319,1740,330,42,91,1319,75.8,7144,8841,13086,13,13,173,1863,2094,0,1090,1208
Mi_L303__My_L222,Hylidae_L269,74.039,713,963,177,34,73,713,74.04,14,939,1087,85,85,201,1127,1380,6.19e-152,532,589
Mi_L305__My_L223,Hi_L290__Hy_L270,86.241,1310,1519,120,44,89,1310,86.24,445,1917,1992,74,74,280,1755,1755,0,1641,1819
Mi_L306__My_L224,Hi_L291__Hy_L271,77.692,1111,1430,295,8,24,1111,77.69,1270,2681,2921,48,48,254,1677,1983,0,1163,1289
Mi_L307__My_L226,Hylidae_L272,75.927,1003,1321,287,8,31,1003,75.93,204,1520,1657,79,79,72,1365,1566,0,945,1047
Mi_L308__My_L225,Hi_L293__Hy_L273,81.635,649,795,143,1,3,649,81.64,814,1608,1665,48,48,1,792,837,0,776,860
Mi_L309__My_L227,Hi_L294__Hy_L274,77.625,1523,1962,297,56,142,1523,77.62,78,1990,2032,94,94,66,1934,1936,0,1365,1513
Mi_L311__My_L229,Hi_L296__Hy_L275,68.141,1202,1764,437,59,125,1202,68.14,745,2452,2738,62,62,347,2041,2215,3.71e-134,473,524
Mi_L312__My_L230,Hime_L297,72.18,672,931,197,24,62,672,72.18,232,1162,1353,69,69,22,890,948,4.28e-136,480,531
Mi_L314__My_L232,Hi_L299__Hy_L276,75.54,1084,1435,248,48,103,1084,75.54,565,1941,2141,64,64,335,1724,1937,0,788,873
Mi_L315__My_L233,Hylidae_L277,81.44,882,1083,199,1,2,882,81.44,1463,2543,14036,8,8,12,1094,1311,0,1046,1159
Mi_L316__My_L235,Hylidae_L278,71.843,1138,1584,397,11,49,1138,71.84,1205,2785,4943,32,32,187,1724,1752,0,861,954
Mi_L321__My_L237,Hi_L305__Hy_L281,74.743,364,487,83,19,40,364,74.74,279,748,1084,43,43,167,630,918,2.63e-74,273,302
Mi_L322__My_L238,Hi_L306__Hy_L282,76.266,1250,1639,389,0,0,1250,76.27,321,1959,2922,56,56,6,1644,1659,0,1149,1273
Mi_L323__My_L239,Hi_L307__Hy_L283,81.037,594,733,138,1,1,594,81.04,196,928,1014,72,72,2,733,747,0,671,743
Mi_L324__My_L240,Hi_L309__Hy_L285,73.512,247,336,75,8,14,247,73.51,1495,1825,3684,9,9,249,575,994,8.5e-49,191,211
Mi_L325__My_L241,Hi_L310__Hy_L286,75.492,844,1118,259,5,15,844,75.49,2203,3315,9164,14,12,4,1111,1755,0,759,841
Mi_L326__My_L242,Hi_L311__Hy_L287,82.902,1120,1351,231,0,0,1120,82.9,1480,2830,3151,43,43,288,1638,1971,0,1355,1502
Mi_L327__My_L243,Hi_L312__Hy_L288,74.525,1372,1841,356,55,113,1372,74.52,2549,4324,8558,21,21,177,1969,1974,0,1060,1175
Mi_L33__My_L18,Hi_L30__Hy_L30,82.022,657,801,142,2,2,657,82.02,408,1207,1425,56,56,154,953,1146,0,673,745
Mi_L330__My_L244,Hylidae_L289,77.64,1066,1373,294,4,13,1066,77.64,243,1610,1693,81,81,238,1602,1674,0,1090,1208
Mi_L331__My_L245,Hylidae_L290,75.52,1379,1826,431,6,16,1379,75.52,82,1905,2598,70,70,4,1815,1818,0,1287,1427
Mi_L332__My_L246,Hylidae_L292,77.841,1226,1575,269,41,80,1226,77.84,355,1896,3043,51,51,1530,3,1629,0,1160,1286
Mi_L333__My_L247,Hi_L317__Hy_L291,71.503,956,1337,287,38,94,956,71.5,347,1643,3019,43,43,136,1418,1725,3.14e-167,584,647
Mi_L334__My_L249,Hi_L320__Hy_L294,72.316,1502,2077,453,56,122,1502,72.32,5851,7867,9665,21,21,5,2019,2019,0,998,1106
Mi_L335__My_L250,Hi_L321__Hy_L295,77.163,1311,1699,282,45,106,1311,77.16,374,2032,4094,41,41,415,2047,2047,0,1169,1296
Mi_L337__My_L252,Hylidae_L297,83.233,551,662,108,1,3,551,83.23,257,918,1261,52,52,73,731,906,0,695,770
Mi_L338__My_L251,Hylidae_L296,80,748,935,183,4,4,748,80,25,957,1283,73,73,13,945,1002,0,829,919
Mi_L339__My_L253,Hi_L324__Hy_L298,69.939,798,1141,329,8,14,798,69.94,145,1281,2769,41,41,130,1260,1308,9.43e-123,435,482
Mi_L34__My_L19,Hi_L31__Hy_L31,85.664,1464,1709,236,1,9,1464,85.66,1447,3155,4239,40,40,1,1700,1878,0,1793,1988
Mi_L341__My_L255,Hylidae_L301,71.14,811,1140,321,6,8,811,71.14,1517,2652,5923,19,19,358,1493,1605,8.6e-159,556,616
Mi_L343__My_L256,Hi_L328__Hy_L303,76.628,600,783,174,2,9,600,76.63,190,969,3095,42,25,97,873,1853,2.64e-168,587,650
Mi_L344__My_L257,Hi_L329__Hy_L304,70.356,1481,2105,505,53,119,1481,70.36,1603,3653,4764,43,43,1,2040,2040,0,724,802
Mi_L345__My_L258,Hylidae_L305,64.618,694,1074,246,42,134,694,64.62,223,1226,1354,74,74,1202,193,1431,1.01e-42,169,187
Mi_L346__My_L259,Hi_L331__Hy_L306,68.712,1131,1646,432,45,83,1131,68.71,433,2052,2249,72,72,5,1593,1740,1.38e-157,552,611
Mi_L347__My_L260,Hylidae_L308,85.139,550,646,89,2,7,550,85.14,163,802,1056,61,61,1,645,795,0,725,803
Mi_L348__My_L261,Hylidae_L307,83.831,814,971,132,10,25,814,83.83,60,1024,1054,92,92,20,971,999,0,1018,1128
Mi_L349__My_L262,Hylidae_L309,77.208,542,702,147,4,13,542,77.21,97,796,905,77,77,1,691,846,2.84e-155,543,601
Mi_L350__My_L263,Hi_L334__Hy_L310,72.877,266,365,89,6,10,266,72.88,978,1340,3533,14,10,872,1228,1584,3.7e-53,205,226
Mi_L351__My_L264,Hime_L335,86.136,1050,1219,167,1,2,1050,86.14,89,1307,1807,67,67,2,1218,1218,0,1413,1566
Mi_L352__My_L265,Hi_L336__Hy_L311,81.504,401,492,60,14,31,401,81.5,219,696,1517,75,32,247,721,1596,8.15e-89,322,356
Mi_L353__My_L266,Hime_L337,70.432,767,1089,246,33,76,767,70.43,419,1507,1829,60,60,43,1055,1062,8.07e-128,453,501
Mi_L354__My_L268,Hi_L339__Hy_L315,80.275,1693,2109,410,2,6,1693,80.28,397,2502,5412,39,39,1,2106,2112,0,1738,1927
Mi_L355__My_L269,Hime_L340,75.135,695,925,172,26,58,695,75.14,296,1220,1446,64,64,31,897,897,1.7e-160,561,621
Mi_L356__My_L270,Hylidae_L316,66.524,622,935,267,19,46,622,66.52,536,1463,3514,26,26,180,1075,1326,5.11e-64,241,266
Mi_L357__My_L271,Hylidae_L317,76.678,1177,1535,352,1,6,1177,76.68,3079,4613,4707,33,33,250,1778,1845,0,1183,1311
Mi_L358__My_L272,Hi_L343__Hy_L319,73.996,1050,1419,242,59,127,1050,74,2260,3593,3932,34,34,1,1377,1470,0,763,845
Mi_L360__My_L274,Hi_L345__Hy_L320,70.351,821,1167,274,32,72,821,70.35,222,1347,1567,72,72,5,1140,1344,2.74e-139,489,542
Mi_L361__My_L275,Hi_L346__Hy_L321,81.084,1316,1623,296,6,11,1316,81.08,4912,6528,6838,24,24,121,1738,2055,0,1223,1355
Mi_L362__My_L276,Hi_L347__Hy_L322,83.649,1325,1584,240,6,19,1325,83.65,1681,3257,4536,35,35,346,1917,1917,0,1661,1841
Mi_L363__My_L277,Hi_L348__Hy_L323,68.076,1369,2011,462,70,180,1369,68.08,1672,3575,3744,51,51,6,1943,1945,5.42e-159,557,617
Mi_L364__My_L279,Hi_L349__Hy_L324,81.644,1748,2141,382,7,11,1748,81.64,890,3021,3261,65,65,1,2139,2139,0,1982,2197
Mi_L366__My_L280,Hi_L350__Hy_L326,81.323,762,937,167,2,8,762,81.32,728,1656,4439,21,21,849,1785,1785,0,861,954
Mi_L367__My_L281,Hylidae_L327,78.904,864,1095,208,7,23,864,78.9,262,1355,2644,41,41,191,1263,1446,0,923,1023
Mi_L368__My_L282,Hylidae_L328,69.067,748,1083,316,8,19,748,69.07,1468,2546,3191,41,34,1,1068,1746,7.82e-131,463,513
Mi_L369__My_L283,Hi_L354__Hy_L330,71.437,1148,1607,401,14,58,1148,71.44,2504,4054,4054,38,38,1,1605,1806,0,834,924
Mi_L371__My_L278,Hi_L355__Hy_L331,81.306,2279,2803,405,59,119,2279,81.31,9,2709,3208,84,84,44,2829,2835,0,2474,2743
Mi_L372__My_L285,Hylidae_L332,69.114,1092,1580,407,20,81,1092,69.11,321,1886,2676,59,59,330,1842,1842,0,659,730
Mi_L373__My_L287,Hi_L358__Hy_L333,76.258,1349,1769,305,53,115,1349,76.26,307,2005,2321,73,73,236,1959,1959,0,1151,1276
Mi_L374__My_L288,Hi_L359__Hy_L334,77.884,817,1049,212,9,20,817,77.88,753,1791,2728,38,38,386,1424,1746,0,787,872
Mi_L375__My_L289,Hi_L360__Hy_L335,69.096,711,1029,244,29,74,711,69.1,2834,3831,5814,17,17,210,1195,1601,2.27e-77,286,316
Mi_L376__My_L291,Hylidae_L337,72.1,1013,1405,278,45,114,1013,72.1,407,1759,3446,54,39,2081,739,2094,0,708,784
Mi_L377__My_L292,Hime_L362,78.558,850,1082,232,0,0,850,78.56,2035,3116,3339,32,32,4,1085,1092,0,838,929
Mi_L38__My_L21,Hi_L34__Hy_L33,80.183,700,873,172,1,1,700,80.18,1908,2779,3327,26,26,153,1025,1173,0,795,881
Mi_L380__My_L293,Hylidae_L338,68.155,229,336,105,2,2,229,68.15,466,800,1335,25,25,295,629,981,4.53e-28,120,132
Mi_L382__My_L295,Hylidae_L340,64.523,893,1384,334,57,157,893,64.52,327,1664,3586,37,37,1953,681,1968,1.4e-58,223,246
Mi_L383__My_L296,Hi_L367__Hy_L341,77.342,809,1046,196,21,41,809,77.34,190,1220,1547,67,67,205,1224,1380,0,702,778
Mi_L384__My_L297,Hi_L368__Hy_L342,75.856,1219,1607,379,6,9,1219,75.86,3033,4634,6246,26,26,21,1623,1740,0,1107,1227
Mi_L386__My_L298,Hi_L369__Hy_L343,77.981,896,1149,234,3,19,896,77.98,113,1246,1256,90,90,9,1153,1175,0,960,1064
Mi_L387__My_L300,Hi_L371__Hy_L344,67.712,950,1403,334,46,119,950,67.71,1555,2917,3277,42,42,311,1634,1755,1.89e-94,342,378
Mi_L39__My_L22,Hi_L35__Hy_L34,73.552,673,915,173,29,69,673,73.55,146,1022,1238,71,71,115,998,1047,8.61e-132,465,515
Mi_L390__My_L302,Hylidae_L346,73.73,842,1142,197,45,103,842,73.73,203,1285,1440,75,75,1247,150,1428,5.92e-160,559,619
Mi_L391__My_L301,Hylidae_L347,77.252,832,1077,174,30,71,832,77.25,217,1255,1380,75,75,1116,73,1254,0,766,849
Mi_L392__My_L134,Hylidae_L158,78.941,1327,1681,281,23,73,1327,78.94,290,1957,2743,61,61,339,1959,1959,0,1403,1555
Mi_L394__My_L303,Hi_L376__Hy_L350,79.031,1387,1755,361,3,7,1387,79.03,1405,3157,4329,40,40,1,1750,1947,0,1453,1611
Mi_L396__My_L304,Hi_L378__Hy_L352,73.091,603,825,181,24,41,603,73.09,241,1046,5238,22,15,126,928,1860,2.33e-108,389,430
Mi_L397__My_L305,Hi_L379__Hy_L353,73.178,1667,2278,446,67,165,1667,73.18,829,3035,4437,50,50,8,2191,2193,0,985,1092
Mi_L398__My_L306,Hylidae_L354,74.804,1241,1659,361,23,57,1241,74.8,583,2217,4668,35,35,1,1626,1626,0,1069,1185
Mi_L40__My_L23,Hi_L36__Hy_L35,75.496,1066,1412,260,41,86,1066,75.5,181,1556,1836,75,75,148,1509,1764,0,852,944
Mi_L42__My_L25,Hylidae_L36,73.222,834,1139,277,11,28,834,73.22,1927,3061,4397,29,26,52,1166,1386,0,663,734
Mi_L48__My_L29,Hylidae_L40,73.14,354,484,102,10,28,354,73.14,811,1284,2480,27,19,1015,550,1182,9.04e-72,267,295
Mi_L5__My_L3,Hi_L5__Hy_L5,74.17,827,1115,288,0,0,827,74.17,8497,9611,10404,14,11,517,1631,1686,1.84e-176,616,682
Mi_L50__My_L31,Hi_L45__Hy_L41,76.677,1246,1625,285,40,94,1246,76.68,142,1718,5332,30,30,154,1732,2035,0,1040,1153
Mi_L51__My_L32,Hi_L46__Hy_L42,76.162,1032,1355,314,4,9,1032,76.16,1067,2414,4971,27,27,105,1457,1470,0,926,1026
Mi_L52__My_L33,Hi_L47__Hy_L43,74.97,1237,1650,307,49,106,1237,74.97,2285,3887,4742,34,34,16,1606,1836,0,939,1041
Mi_L54__My_L34,Hi_L48__Hy_L44,81.85,1168,1427,253,1,6,1168,81.85,303,1729,1880,76,76,382,1802,1884,0,1400,1552
Mi_L59__My_L35,Hime_L54,77.404,1127,1456,325,4,4,1127,77.4,1501,2954,3801,38,38,1,1454,1455,0,1134,1257
Mi_L6__My_L4,Hylidae_L8,79.859,452,566,114,0,0,452,79.86,297,862,1358,42,42,64,629,642,8.84e-145,508,562
Mi_L60__My_L36,Hi_L55__Hy_L48,71.984,925,1285,347,5,13,925,71.98,655,1937,2217,58,58,262,1535,1743,0,644,713
Mi_L61__My_L37,Hi_L56__Hy_L49,77.815,1403,1803,276,50,124,1403,77.81,103,1845,2019,86,86,104,1842,2052,0,1252,1388
Mi_L62__My_L38,Hi_L57__Hy_L50,89.048,992,1114,98,11,24,992,89.05,263,1371,1525,73,73,268,1362,1542,0,1351,1497
Mi_L64__My_L39,Hi_L59__Hy_L52,82.899,1178,1421,167,36,76,1178,82.9,317,1701,2377,58,58,349,1729,1731,0,1364,1512
Mi_L65__My_L40,Hylidae_L53,84.709,698,824,93,14,33,698,84.71,494,1309,2522,32,32,799,1,849,0,876,971
Mi_L67__My_L41,Hi_L62__Hy_L55,73.138,874,1195,230,40,91,874,73.14,484,1637,2143,58,54,92,1236,1557,1.23e-170,595,659
Mi_L68__My_L42,Hi_L63__Hy_L56,70.29,776,1104,292,15,36,776,70.29,2652,3749,8307,18,13,255,1328,1542,7.62e-136,480,532
Mi_L69__My_L44,Hi_L65__Hy_L57,80.598,1429,1773,245,45,99,1429,80.6,1246,2972,3730,46,46,1,1720,2019,0,1521,1686
Mi_L70__My_L45,Hylidae_L58,76.659,1386,1808,313,49,109,1386,76.66,198,1954,2504,70,70,1765,16,2109,0,1232,1365
Mi_L71__My_L46,Hylidae_L59,75,1017,1356,331,6,8,1017,75,397,1750,5263,31,26,382,1731,1734,0,914,1013
Mi_L72__My_L47,Hylidae_L60,75.098,1342,1787,306,53,139,1342,75.1,229,1954,1987,87,87,260,1968,2016,0,1105,1225
Mi_L73__My_L48,Hylidae_L61,78.713,673,855,154,13,28,673,78.71,1765,2606,3304,25,25,1535,696,1839,0,679,752
Mi_L75__My_L49,Hi_L69__Hy_L63,80.745,520,644,95,13,29,520,80.75,236,859,1010,66,62,262,896,1035,1.87e-164,572,634
Mi_L78__My_L51,Hylidae_L70,69.165,886,1281,257,56,138,886,69.16,28,1242,1358,89,89,244,1452,1638,1.83e-115,411,455
Mi_L83__My_L52,Hi_L80__Hy_L73,79.265,539,680,108,14,33,539,79.26,242,912,1168,57,57,223,878,1200,2.04e-139,490,543
Mi_L84__My_L53,Hylidae_L74,75.279,944,1254,287,6,23,944,75.28,1069,2315,4722,26,26,232,1469,1728,0,869,963
Mi_L86__My_L54,Hylidae_L75,69.459,821,1182,277,41,84,821,69.46,790,1929,2212,52,52,1446,307,1446,1.05e-114,409,453
Mi_L91__My_L59,Hi_L86__Hy_L78,81.105,1116,1376,184,35,76,1116,81.1,66,1394,1631,81,81,25,1371,1524,0,1166,1292
Mi_L93__My_L61,Hi_L88__Hy_L81,79.299,475,599,86,16,38,475,79.3,188,771,971,60,60,97,672,879,8.75e-137,480,532
Mi_L94__My_L60,Hylidae_L80,77.603,395,509,90,13,24,395,77.6,383,876,1158,43,43,723,224,801,1.66e-102,367,406
Mi_L97__My_L63,Hylidae_L82,81.825,1148,1403,247,3,8,1148,81.82,462,1859,3342,42,42,1,1400,1404,0,1376,1525
Microhylidae_L1,Hi_L1__Hy_L1,83.067,1197,1441,238,3,6,1197,83.07,810,2247,3186,45,45,332,1769,1902,0,1403,1555
Microhylidae_L105,Hi_L97__Hy_L87,73.57,1222,1661,352,43,87,1222,73.57,611,2197,2272,70,70,91,1738,1872,0,887,983
Microhylidae_L109,Hi_L100__Hy_L89,67.63,1053,1557,394,38,110,1053,67.63,5110,6570,6811,21,21,232,1774,1943,6.24e-136,481,533
Microhylidae_L110,Hylidae_L90,78.542,1336,1701,268,36,97,1336,78.54,187,1822,2228,73,73,1682,14,1752,0,1361,1509
Microhylidae_L112,Hime_L102,74.264,782,1053,237,14,34,782,74.26,1267,2313,2368,44,44,7,1031,1047,0,632,700
Microhylidae_L128,Hylidae_L106,79.167,247,312,63,1,2,247,79.17,9736,10045,11138,4,3,704,1015,1275,3.35e-72,269,298
Microhylidae_L129,Hi_L121__Hy_L107,77.564,1331,1716,258,51,127,1331,77.56,366,1992,2114,77,77,223,1900,2020,0,1263,1400
Microhylidae_L132,Hi_L124__Hy_L110,81.23,766,943,176,1,1,766,81.23,164,1105,1275,74,74,101,1043,1221,0,901,998
Microhylidae_L134,Hi_L126__Hy_L112,70.775,1114,1574,346,53,114,1114,70.78,996,2478,3477,43,43,3,1553,1821,5.03e-178,620,687
Microhylidae_L139,Hylidae_L117,69.912,790,1130,317,15,23,790,69.91,1313,2431,2759,41,41,4,1121,1230,1.94e-131,464,514
Microhylidae_L15,Hylidae_L14,68.531,392,572,141,14,39,392,68.53,4,542,2607,23,21,1665,1100,1689,4.32e-57,217,240
Microhylidae_L16,Hi_L13__Hy_L15,82.2,665,809,144,0,0,665,82.2,498,1306,4334,19,19,283,1091,1275,0,807,894
Microhylidae_L166,Hi_L155__Hy_L138,71.237,904,1269,356,5,9,904,71.24,406,1670,3137,40,40,355,1618,2004,3.06e-142,500,554
Microhylidae_L168,Hylidae_L140,70.713,1031,1458,331,45,96,1031,70.71,5765,7146,19486,7,7,1695,258,1905,1.2e-175,615,681
Microhylidae_L169,Hylidae_L141,75.393,1342,1780,336,47,102,1342,75.39,2,1695,1695,99,99,101,1864,1905,0,1136,1259
Microhylidae_L171,Hi_L160__Hy_L143,76.64,1145,1494,335,7,14,1145,76.64,1025,2514,8091,18,18,197,1680,1797,0,1053,1167
Microhylidae_L177,Hi_L166__Hy_L149,69.797,1412,2023,472,66,139,1412,69.8,231,2167,7241,27,27,32,2001,2001,0,729,808
Microhylidae_L178,Hylidae_L150,73.907,524,709,148,17,37,524,73.91,171,848,6502,20,10,1498,796,1500,1.08e-113,407,450
Microhylidae_L184,Hi_L175__Hy_L157,73.659,618,839,158,20,63,618,73.66,1315,2118,2646,30,30,241,1051,1558,4.66e-139,490,543
Microhylidae_L190,Hylidae_L77,76.8,1291,1681,379,4,11,1291,76.8,19,1695,2157,78,78,223,1896,1899,0,1266,1403
Microhylidae_L192,Hylidae_L165,70.762,789,1115,308,10,18,789,70.76,179,1284,4059,27,27,317,1422,1578,1.48e-147,518,574
Microhylidae_L194,Hi_L183__Hy_L167,75.505,860,1139,217,30,62,860,75.5,224,1313,5654,19,19,293,1418,1626,0,727,805
Microhylidae_L199,Hylidae_L169,75.718,817,1079,215,16,47,817,75.72,1,1038,1671,62,62,1078,6,1185,0,751,832
Microhylidae_L208,Hi_L194__Hy_L178,75.895,1568,2066,391,43,107,1568,75.9,184,2156,3620,55,55,1,2052,2055,0,1374,1523
Microhylidae_L21,Hylidae_L18,79.036,1312,1660,342,3,6,1312,79.04,1239,2894,7473,22,22,25,1682,1899,0,1418,1572
Microhylidae_L211,Hi_L197__Hy_L181,80.622,1323,1641,312,4,6,1323,80.62,56,1695,1860,88,88,26,1661,1866,0,1484,1645
Microhylidae_L216,Hi_L202__Hy_L185,75.309,1342,1782,417,14,23,1342,75.31,205,1976,4199,42,42,127,1895,1943,0,980,1086
Microhylidae_L222,Hi_L208__Hy_L190,75,471,628,121,17,36,471,75,3451,4049,5103,25,12,220,840,2004,2.27e-108,389,431
Microhylidae_L224,Hi_L210__Hy_L192,78.644,1392,1770,284,40,94,1392,78.64,27,1738,1743,98,98,31,1764,1788,0,1389,1540
Microhylidae_L227,Hylidae_L195,75.28,1413,1877,435,10,29,1413,75.28,2158,4024,7119,26,26,1,1858,1923,0,1290,1430
Microhylidae_L230,Hi_L216__Hy_L198,77.318,1309,1693,347,13,37,1309,77.32,233,1907,1926,87,87,124,1797,1827,0,1152,1277
Microhylidae_L231,Hi_L217__Hy_L199,76.2,381,500,98,11,21,381,76.2,2211,2698,4345,23,11,992,1482,1737,3.06e-93,338,374
Microhylidae_L250,Hylidae_L215,69.917,337,482,116,14,29,337,69.92,1594,2058,3477,13,13,820,351,1683,5.06e-45,178,197
Microhylidae_L253,Hylidae_L218,85.349,734,860,82,25,44,734,85.35,987,1825,1917,44,44,2,838,852,0,910,1008
Microhylidae_L26,Hylidae_L22,82.458,1241,1505,208,22,56,1241,82.46,25,1480,1611,94,90,1614,117,1671,0,1480,1641
Microhylidae_L260,Hi_L244__Hy_L225,80.765,676,837,135,12,26,676,80.76,249,1061,1065,76,76,243,1077,1117,0,643,712
Microhylidae_L261,Hi_L245__Hy_L226,74.847,979,1308,274,27,55,979,74.85,2420,3689,4415,41,29,829,2119,2119,0,809,896
Microhylidae_L262,Hi_L246__Hy_L228,73.468,1271,1730,343,53,116,1271,73.47,4906,6544,7448,22,22,227,1931,2139,0,943,1045
Microhylidae_L263,Hylidae_L229,78.799,1312,1665,280,38,73,1312,78.8,5362,6970,7676,21,21,1653,6,1656,0,1297,1437
Microhylidae_L264,Hi_L248__Hy_L230,76.043,857,1127,270,0,0,857,76.04,115,1241,1479,76,76,85,1211,1428,0,797,883
Microhylidae_L270,Hi_L252__Hy_L233,78.851,1469,1863,394,0,0,1469,78.85,6106,7968,13626,14,14,1,1863,1863,0,1584,1756
Microhylidae_L271,Hylidae_L130,71.537,1322,1848,423,43,103,1322,71.54,6361,8108,13647,13,13,1850,6,1872,0,891,987
Microhylidae_L276,Hi_L258__Hy_L239,73.393,1302,1774,472,0,0,1302,73.39,7127,8900,11097,16,16,200,1973,1986,0,923,1023
Microhylidae_L28,Hylidae_L26,80.61,898,1114,175,19,41,898,80.61,15,1105,1125,97,97,3,1098,1098,0,996,1104
Microhylidae_L287,Hi_L271__Hy_L251,69.588,659,947,231,26,57,659,69.59,1695,2591,4101,22,22,112,1051,1659,5.96e-102,367,406
Microhylidae_L29,Hylidae_L24,77.933,724,929,141,26,64,724,77.93,118,1014,1017,88,88,76,972,1227,0,706,782
Microhylidae_L291,Hi_L275__Hy_L255,71.149,910,1279,273,32,96,910,71.15,833,2051,2304,53,53,257,1499,1815,3.79e-171,596,660
Microhylidae_L292,Hylidae_L257,79.802,565,708,114,16,29,565,79.8,2604,3300,3513,20,20,789,100,825,5.8e-171,596,660
Microhylidae_L293,Hylidae_L256,71.839,926,1289,255,37,108,926,71.84,2081,3264,3264,36,36,1292,7,1440,0,646,716
Microhylidae_L296,Hi_L280__Hy_L260,78.735,859,1091,167,29,65,859,78.74,275,1317,1627,64,64,267,1340,1656,0,831,921
Microhylidae_L297,Hi_L281__Hy_L261,67.332,1012,1503,385,44,106,1012,67.33,230,1643,3178,44,44,83,1568,1698,1.83e-132,469,519
Microhylidae_L30,Hi_L28__Hy_L27,85.862,996,1160,123,19,41,996,85.86,209,1332,2134,53,53,256,1410,1782,0,1279,1418
Microhylidae_L301,Hi_L287__Hy_L267,80.774,689,853,145,8,19,689,80.77,325,1169,1374,61,61,307,1148,1284,0,685,759
Microhylidae_L31,Hylidae_L29,78.893,841,1066,190,18,35,841,78.89,79,1118,1909,54,54,1318,262,1320,0,875,970
Microhylidae_L32,Hylidae_L28,71.959,852,1184,219,25,113,852,71.96,145,1268,2037,55,55,1332,202,1488,0,651,721
Microhylidae_L320,Hi_L304__Hy_L280,75.943,1449,1908,450,7,9,1449,75.94,1387,3291,3744,51,51,4,1905,2007,0,1351,1497
Microhylidae_L340,Hi_L325__Hy_L299,78.98,1394,1765,290,37,81,1394,78.98,7714,9408,10913,16,16,10,1763,2037,0,1344,1490
Microhylidae_L342,Hi_L327__Hy_L302,78.033,1492,1912,418,1,2,1492,78.03,40,1949,5733,33,33,86,1997,2031,0,1053,1167
Microhylidae_L35,Hylidae_L32,70.274,487,693,152,13,54,487,70.27,5,675,1002,67,67,293,953,1128,2.27e-87,317,351
Microhylidae_L388,Hi_L372__Hy_L345,77.978,216,277,55,3,6,216,77.98,5018,5288,5976,17,5,1511,1787,1818,5.5e-60,228,252
Microhylidae_L393,Hi_L375__Hy_L348,71.761,1202,1675,352,52,121,1202,71.76,290,1882,2699,59,59,351,1986,1988,0,756,838
Microhylidae_L395,Hylidae_L351,73.291,1394,1902,356,68,152,1394,73.29,236,2011,2247,79,79,2140,265,2418,0,1000,1108
Microhylidae_L4,Hylidae_L4,82.169,447,544,87,5,10,447,82.17,1971,2512,3225,17,17,117,652,684,1.52e-152,535,593
Microhylidae_L43,Hi_L38__Hy_L37,81.275,816,1004,184,2,4,816,81.27,1407,2408,2679,37,37,183,1184,1599,0,958,1062
Microhylidae_L47,Hi_L41__Hy_L39,79.725,1392,1746,349,3,5,1392,79.73,1849,3593,3729,47,47,19,1760,1851,0,1548,1716
Microhylidae_L55,Hi_L49__Hy_L45,84.12,1229,1461,223,4,9,1229,84.12,88,1542,1566,93,93,170,1627,1755,0,1570,1740
Microhylidae_L56,Hylidae_L46,68.765,1125,1636,383,58,128,1125,68.77,1,1539,1575,98,98,229,1833,1917,2.26e-159,557,617
Microhylidae_L58,Hi_L53__Hy_L47,82.845,1159,1399,238,2,2,1159,82.84,1336,2733,14436,10,10,229,1626,1674,0,1441,1597
Microhylidae_L66,Hi_L61__Hy_L54,81.276,1350,1661,247,31,64,1350,81.28,214,1820,1905,84,84,174,1824,1825,0,1492,1654
Microhylidae_L7,Hylidae_L6,76.593,517,675,138,5,20,517,76.59,26,681,681,96,96,161,834,1008,5.32e-144,504,558
Microhylidae_L74,Hylidae_L62,80.403,1436,1786,265,39,85,1436,80.4,196,1919,4260,74,40,1764,2,2025,0,1548,1716
Microhylidae_L76,Hylidae_L64,77.996,872,1118,177,32,69,872,78,1,1052,3629,29,29,1115,1,1950,0,841,932
Microhylidae_L77,Hylidae_L67,73.019,820,1123,203,41,100,820,73.02,117,1173,1761,60,60,1398,310,1404,6.36e-167,581,644
Microhylidae_L81,Hi_L78__Hy_L71,80.495,1040,1292,242,4,10,1040,80.5,1541,2828,3077,42,42,335,1620,1776,0,1092,1210
Microhylidae_L82,Hylidae_L72,67.407,577,856,211,31,68,577,67.41,306,1114,1428,57,57,1003,169,1263,4.53e-60,226,250
Microhylidae_L85,Hime_L82,76.385,896,1173,255,9,22,896,76.39,4017,5187,5779,20,20,2,1154,1170,0,636,704
Microhylidae_L90,Hylidae_L163,81.31,844,1038,193,1,1,844,81.31,238,1274,2121,49,49,4,1041,1041,0,997,1105
Microhylidae_L92,Hylidae_L79,79.349,634,799,133,17,32,634,79.35,1204,1980,4092,19,19,797,9,804,0,661,732
Myobatrachidae_L104,Hylidae_L124,87.886,370,421,50,1,1,370,87.89,683,1102,1209,35,35,211,631,822,2.41e-151,529,586
Myobatrachidae_L119,Hylidae_L9,71.26,543,762,177,17,42,543,71.26,163,924,1128,68,68,1412,693,1653,8.38e-100,359,397
Myobatrachidae_L129,Hylidae_L154,67.938,1140,1678,483,25,55,1140,67.94,1938,3594,4680,35,35,70,1713,1785,1.94e-159,559,619
Myobatrachidae_L132,Hi_L174__Hy_L156,83.745,984,1175,171,7,20,984,83.74,4124,5288,5634,21,21,1,1165,1509,0,1246,1381
Myobatrachidae_L136,Hylidae_L160,66.497,784,1179,316,34,79,784,66.5,170,1298,2658,42,42,1373,224,1407,2.43e-79,292,323
Myobatrachidae_L165,Hylidae_L197,75.729,1142,1508,351,7,15,1142,75.73,443,1947,2115,71,71,23,1518,1755,0,1052,1166
Myobatrachidae_L248,Hylidae_L293,79.934,1207,1510,266,7,37,1207,79.93,2,1507,1597,94,94,21,1497,1740,0,1368,1516
Myobatrachidae_L254,Hylidae_L300,74.183,908,1224,245,36,71,908,74.18,727,1906,7781,15,15,1206,10,1206,0,701,777
Myobatrachidae_L26,Hylidae_L38,78.601,944,1201,253,2,4,944,78.6,1190,2389,2475,48,48,38,1235,1239,0,1003,1111
Myobatrachidae_L267,Hylidae_L313,70.245,1145,1630,379,49,106,1145,70.25,3797,5364,6250,25,25,1592,7,1653,0,634,702
Myobatrachidae_L290,Hylidae_L336,67.785,1111,1639,426,42,102,1111,67.79,583,2132,2354,66,66,1860,235,1878,1.19e-139,492,545
Myobatrachidae_L5,Hylidae_L7,81.168,556,685,122,2,7,556,81.17,55,733,741,92,92,23,706,909,0,652,722
Myobatrachidae_L50,Hylidae_L66,69.312,131,189,56,1,2,131,69.31,589,777,882,21,21,249,63,1170,7.46e-17,83.3,91
Myobatrachidae_L58,Hylidae_L76,78.801,933,1184,217,11,34,933,78.8,52,1206,1206,96,96,97,1275,1419,0,1000,1108
