original_tip_label,data_percent_missing,family,crown_dating,Feng_calibration,Hime_node,data_number_missing,data_percent_ambiguous,data_number_ambiguous,order
I4373_MVZ_231914_Anura_Alytidae_Alytes_obstetricans_seq1,17.23,Alytidae,yes,9,522,50187,0.008239438,24,Anura
I13520_REF_AscMon_Anura_Ascaphidae_Ascaphus_montanus_seq1,14.63,Ascaphidae,yes,8,296,42624,0,0,Anura
I8555_CAS_242112_Anura_Bombinatoridae_Bombina_microdeladigitora_seq1,44.04,Bombinatoridae,yes,9,522,128271,0.051496488,150,Anura
I4384_PMH_01_Anura_Calyptocephalellidae_Calyptocephalella_gayi_seq1,4.74,Calyptocephalellidae,yes,18,503,13804,0.003089789,9,Anura
I4399_SANBI_1954_Anura_Heleophrynidae_Heleophryne_purcelli_seq1,4.77,Heleophrynidae,yes,17,300,13887,0.004119719,12,Anura
I6425_AMCC_106489_Anura_Megophryidae_Leptolalax_bourreti_seq1,15.05,Megophryidae,yes,"13, 14, 15, 16","510, 511, 512, 299",43826,0.028151413,82,Anura
I6435_AMCC_128714_Anura_Microhylidae_Plethodontohyla_notosticta_seq1,2.93,Microhylidae,yes,19,303,8549,0.004463029,13,Anura
I8561_MV_18153_Anura_Myobatrachidae_Crinia_signifera_seq1,3.33,Myobatrachidae,yes,18,503,9712,0.013732397,40,Anura
I4413_MVZ_234650_Anura_Pelobatidae_Pelobates_syriacus_seq1,21.48,Pelobatidae,yes,"13, 14, 15, 16","510, 511, 512, 299",62575,0.003433099,10,Anura
I4414_MVZ_186009_Anura_Pelodytidae_Pelodytes_ibericus_seq1,12.84,Pelodytidae,yes,"13, 14, 16","510, 511, 299",37403,0.002403169,7,Anura
I6443_MCZ_A_136791_Anura_Phrynobatrachidae_Phrynodon_sandersoni_seq1,4.24,Phrynobatrachidae,yes,20,368,12346,0.012702467,37,Anura
Xenopus_TAXID_8364_seq1,5.32,Pipidae,yes,"10, 11, 12","298, 519, 520",15493,0,0,Anura
I6444_MVZ_247511_Anura_Pipidae_Pipa_pipa_seq1,13.57,Pipidae,yes,"10, 11, 12","298, 519, 520",39513,0.013045777,38,Anura
I4418_CAS_219251_Anura_Ptychadenidae_Ptychadena_newtoni_seq1,2.65,Ptychadenidae,yes,20,368,7706,0,0,Anura
I4423_MVZ_164756_Anura_Rhinophrynidae_Rhinophrynus_dorsalis_seq1,14.99,Rhinophrynidae,yes,"10, 11","298, 519",43670,0.004806339,14,Anura
I6469_MVZ_145187_Anura_Scaphiopodidae_Spea_hammondii_seq1,9.41,Scaphiopodidae,yes,"13, 16","510, 299",27420,0.00205986,6,Anura
I4372_MVZ_188060_Anura_Alsodidae_Alsodes_gargola_seq1,4.35,Alsodidae,,,,12659,0.00102993,3,Anura
I12044_QCAZA44783_Anura_Aromobatidae_Allobates_insperatus_seq1,3.65,Aromobatidae,,,,10622,0.005492959,16,Anura
I6485_MCZ_A_137988_Anura_Arthroleptidae_Schoutedenella_sylvatica_seq1,5.43,Arthroleptidae,,,,15818,0.019911975,58,Anura
I7559_R846_Anura_Arthroleptidae_Arthroleptis_wahlbergi_seq1,8.63,Arthroleptidae,,,,25126,0.006179579,18,Anura
I6478_MCZ_A_139626_Anura_Arthroleptidae_Cardioglossa_leucomystax_seq1,10.57,Arthroleptidae,,,,30789,0.054586277,159,Anura
I4375_CAS_168499_Anura_Arthroleptidae_Leptopelis_parkeri_seq1,13.51,Arthroleptidae,,,,39357,0.012015847,35,Anura
I7557_R1020_Anura_Arthroleptidae_Arthroleptis_variablis_seq1,17.26,Arthroleptidae,,,,50261,0.020255285,59,Anura
I6437_MCZ_A_136806_Anura_Astylosternidae_Trichobatrachus_robustus_seq1,2.7,Astylosternidae,,,,7879,0.00102993,3,Anura
I6483_MCZ_A_139709_Anura_Astylosternidae_Scotobleps_gabonicus_seq1,3.32,Astylosternidae,,,,9658,0.008582748,25,Anura
I4442_AMCC_122836_Anura_Astylosternidae_Leptydactylodon_bicolor_seq1,4.3,Astylosternidae,,,,12523,0.004463029,13,Anura
I4376_AMCC_122837_Anura_Astylosternidae_Nyctibates_corrugatus_seq1,4.8,Astylosternidae,,,,13967,0.00205986,6,Anura
I6477_MCZ_A_136805_Anura_Astylosternidae_Astylosternus_diadematus_seq1,4.9,Astylosternidae,,,,14263,0.051839798,151,Anura
I7720_R306_Anura_Astylosternidae_Leptopelis_vermiculatus_seq1,11.11,Astylosternidae,,,,32368,0.014075707,41,Anura
I4377_MVZ_164828_Anura_Batrachylidae_Batrachyla_taeniata_seq1,3.68,Batrachylidae,,,,10726,0.00102993,3,Anura
I8556_CFBHT_55_Anura_Brachycephalidae_Brachycephalus_ephippium_seq1,8.96,Brachycephalidae,,,,26100,0.059049306,172,Anura
I4382_MCZ_138534_Anura_Brevicipitidae_Callulina_kisiwamsitu_seq1,7.01,Brevicipitidae,,,,20411,0.003089789,9,Anura
I6474_CAS_168560_Anura_Brevicipitidae_Probreviceps_macrodactylus_seq1,7.38,Brevicipitidae,,,,21503,0.026091554,76,Anura
I4432_AMCC_105557_Anura_Brevicipitidae_Breviceps_macrops_seq1,22.75,Brevicipitidae,,,,66266,0.046003529,134,Anura
I12500_PMH_2014_redo_Anura_Bufonidae_Melanophryniscus_stelzneri_seq1,2.61,Bufonidae,,,,7604,0,0,Anura
I7581_R690_Anura_Bufonidae_Poyntonophrynus_damaranus_dombensis_seq1,2.65,Bufonidae,,,,7718,0.00102993,3,Anura
I8576_LSUMNS_15190_Anura_Bufonidae_Rhinella_marinus_seq1,3.11,Bufonidae,,,,9063,0.00171655,5,Anura
I4430_YPM_013728_Anura_Bufonidae_Atelopus_hoogmoedi_seq1,3.49,Bufonidae,,,,10179,0.012359157,36,Anura
I4433_AMCC_105533_Anura_Bufonidae_Capensibufo_rosei_seq1,3.77,Bufonidae,,,,10972,0.015105636,44,Anura
I6464_MVZ_239399_Anura_Bufonidae_Leptophryne_borbonica_seq1,3.92,Bufonidae,,,,11430,0.00102993,3,Anura
I6467_MVZ_231697_Anura_Bufonidae_Rhamphophryne_macrorhina_seq1,4.38,Bufonidae,,,,12757,0.009612678,28,Anura
I4383_ECM_4908_Anura_Bufonidae_Anaxyrus_terrestris_seq1,4.97,Bufonidae,,,,14483,0.003433099,10,Anura
I6481_MCZ_A_139634_Anura_Bufonidae_Nectophryne_batesii_seq1,5.18,Bufonidae,,,,15088,0.028494723,83,Anura
I4429_YPM_013738_Anura_Bufonidae_Ansonia_longidigita_seq1,34.87,Bufonidae,,,,101578,0.055616207,162,Anura
I8557_LSUMNS_16979_Anura_Centrolenidae_Centrolene_prosoblepon_seq1,3.22,Centrolenidae,,,,9379,0.018882046,55,Anura
I8558_LSUMNS_17409_Anura_Centrolenidae_Cochranella_adenocheira_seq1,3.84,Centrolenidae,,,,11197,0.015105636,44,Anura
I4386_AMCC_118359_Anura_Centrolenidae_Hyalinobatrachium_fleischmanni_seq1,3.83,Centroliidae,,,,11151,0.00137324,4,Anura
I6472_CPM_2014_Anura_Ceratobatrachidae_Ceratobatrachus_guentheri_seq1,3.01,Ceratobatrachidae,,,,8762,0.008926058,26,Anura
I4431_AMCC_125449_Anura_Ceratobatrachidae_Batrachylodes_vertebralis_seq1,3.12,Ceratobatrachidae,,,,9080,0.014762327,43,Anura
I4387_CAS_237845_Anura_Ceratobatrachidae_Platymantis_pelewensis_seq1,3.29,Ceratobatrachidae,,,,9572,0.002403169,7,Anura
I6418_AMCC_125415_Anura_Ceratobatrachidae_Discodeles_bufoniformis_seq1,3.42,Ceratobatrachidae,,,,9963,0.008582748,25,Anura
I4441_YPM_013120_Anura_Ceratophryidae_Lepidobatrachus_laevis_seq1,2.55,Ceratophryidae,,,,7435,0.00102993,3,Anura
I4434_AMCC_125581_Anura_Ceratophryidae_Chacophrys_pierottii_seq1,2.83,Ceratophryidae,,,,8243,0.005149649,15,Anura
I4388_MVZ_247561_Anura_Ceratophryidae_Ceratophrys_cornuta_seq1,3.3,Ceratophryidae,,,,9618,0.00068662,2,Anura
I4195_SBH268267_Anura_Ceuthomantidae_Ceuthomantis_smaragdinus_seq1,4.35,Ceuthomantidae,,,,12675,0.00137324,4,Anura
I4390_MVZ_253198_Anura_Conrauidae_Conraua_crassipes_seq1,2.88,Conrauidae,,,,8400,0.00137324,4,Anura
I8560_CHUNB64717_Anura_Hylidae_Corythomantis_greeningei_seq1,2.52,Corythomantis,,,,7339,0.005492959,16,Anura
I4391_USMN_534194_Anura_Craugastoridae_Craugastor_noblei_seq1,13.53,Craugastoridae,,,,39407,0.007552818,22,Anura
I4371_Cab_381_Anura_Cycloramphidae_Cycloramphus_cavagua_seq1,2.59,Cycloramphidae,,,,7536,0,0,Anura
I4393_CAS_231821_Anura_Dendrobatidae_Mannophryne_trinitatus_seq1,3.8,Dendrobatidae,,,,11075,0.00102993,3,Anura
I4446_YPM_013066_Anura_Dendrobatidae_Phyllobates_vittatus_seq1,6.48,Dendrobatidae,,,,18866,0.034330992,100,Anura
I8563_LSUMNS_13667_Anura_Dendrobatidae_Epipedobates_femoralis_seq1,6.62,Dendrobatidae,,,,19287,0.04291374,125,Anura
I6449_ITF_2014_Anura_Dendrobatidae_Dendrobates_leucomelas_seq1,7.47,Dendrobatidae,,,,21758,0.039823951,116,Anura
I8559_LSUMNS_16955_Anura_Dendrobatidae_Colostethus_caeruleodactylus_seq1,11,Dendrobatidae,,,,32045,0.048063389,140,Anura
I6424_AMCC_106520_Anura_Dicroglossidae_Chaparana_Annandia_delacouri_seq1,2.38,Dicroglossidae,,,,6930,0.009612678,28,Anura
I6417_AMCC_144942_Anura_Dicroglossidae_Quasipaa_verrucospinosa_seq1,2.69,Dicroglossidae,,,,7825,0.010985917,32,Anura
I8219_R180_Anura_Dicroglossidae_Nanorana_bourreti_cf_yunnanensis_seq1,2.74,Dicroglossidae,,,,7986,0.006522888,19,Anura
I4410_CAS_220433_Anura_Dicroglossidae_Ingerana_borealis_seq1,2.79,Dicroglossidae,,,,8136,0.002403169,7,Anura
I6465_MVZ_231208_Anura_Dicroglossidae_Nanorana_pleskei_seq1,2.82,Dicroglossidae,,,,8207,0.003776409,11,Anura
I6452_CAS_241469_Anura_Dicroglossidae_Hoplobatrachus_rugulosus_seq1,2.82,Dicroglossidae,,,,8213,0.00205986,6,Anura
I6450_CAS_243255_Anura_Dicroglossidae_Euphlyctis_cyanophlyctis_seq1,2.83,Dicroglossidae,,,,8240,0.024718314,72,Anura
I8573_LSUMNS_255_Anura_Dicroglossidae_Fejervarya_limnocharis_seq1,3.19,Dicroglossidae,,,,9306,0.004463029,13,Anura
I4394_CAS_221360_Anura_Dicroglossidae_Limnonectes_kuhlii_seq1,3.34,Dicroglossidae,,,,9727,0.003089789,9,Anura
I4395_CAS_239527_Anura_Dicroglossidae_Occidozyga_lima_seq1,4.6,Dicroglossidae,,,,13409,0.003089789,9,Anura
I7668_R057_Anura_Dicroglossidae_Limnonectes_limborgii_seq1,36.86,Dicroglossidae,,,,107366,0.011672537,34,Anura
I4397_MVZ_235689_Anura_Discoglossidae_Discoglossus_pictus_seq1,14.83,Discoglossidae,,,,43195,0.010642608,31,Anura
I8578_LSUMNS_21241_Anura_Eleutherodactylidae_Syrrhophus_cystignathoides_seq1,3.67,Eleutherodactylidae,,,,10676,0.00171655,5,Anura
I4398_EMO_01_Anura_Eleutherodactylidae_Eleutherodactylus_coqui_seq1,3.37,Eleuthrodactylidae,,,,9824,0.002746479,8,Anura
I4400_BPN_1286_Anura_Hemiphractidae_Stefania_evansi_seq1,3.6,Hemiphractidae,,,,10498,0.00102993,3,Anura
I4401_MVZ_249304_Anura_Hemisotidae_Hemisus_marmoratus_seq1,6.76,Hemisotidae,,,,19691,0.007209508,21,Anura
I8225_R012_Anura_Hemisotidae_Hemisus_guineensis_seq1,8.83,Hemisotidae,,,,25722,0.006866198,20,Anura
I8569_LSUMNS_9884_Anura_Hylidae_Litoria_thesaurensis_seq1,2.53,Hylidae,,,,7380,0.00102993,3,Anura
I8568_PMH_Litoria2014_Anura_Hylidae_Litoria_caerulea_seq1,2.72,Hylidae,,,,7922,0.00034331,1,Anura
I6468_MVZ_257781_Anura_Hylidae_Scinax_staufferi_seq1,2.73,Hylidae,yes Scinaxinae,,,7943,0.00102993,3,Anura
I6471_MVZ_247548_Anura_Hylidae_Trachycephalus_coriaceus_seq1,2.75,Hylidae,,,,8002,0.00034331,1,Anura
I8572_LSUMNS_12511_Anura_Pseudidae_Pseudis_paradoxa_seq1,2.79,Pseudidae,yes Pseudinae,,,8124,0.00068662,2,Anura
I6482_MCZ_A_148702_Anura_Hylidae_Osteopilus_dominicensis_seq1,2.75,Hylidae,,,,8010,0.00034331,1,Anura
I4439_YPM_010666_Anura_Hylidae_Hypsiboas_crepitans_seq1,2.85,Hylidae,,,,8301,0.005149649,15,Anura
I6431_AMCC_117944_Anura_Hylidae_Plectrohyla_matudai_seq1,2.97,Hylidae,,,,8645,0.00068662,2,Anura
I4169_QCAZA53552_Anura_Hylidae_Nyctimantis_rugiceps_seq1,3.17,Hylidae,,,,9233,0.011329227,33,Anura
I6462_MVZ_264263_Anura_Hylidae_Dendropsophus_microcephalus_seq1,3.22,Hylidae,yes Dendropsophinae,,,9371,0.00205986,6,Anura
I6427_AMCC_125603_Anura_Hylidae_Triprion_petasatus_seq1,3.49,Hylidae,,,,10175,0.00034331,1,Anura
I4447_YPM_014191_Anura_Hylidae_Smilisca_fodiens_seq1,3.65,Hylidae,yes Hylinae,,,10619,0.00068662,2,Anura
I4160_QCAZA51852_Anura_Hylidae_Hyloscirtus_palmeri_seq1,3.92,Hylidae,,,,11409,0.006522888,19,Anura
I6442_CAS_245062_Anura_Hylidae_Sphaenorhynchus_lacteus_seq1,4.11,Hylidae,,,,11972,0.00068662,2,Anura
I4157_QCAZA48552_Anura_Hylidae_Cruziohyla_calcarifer_seq1,4.66,Hylidae,,,,13584,0.026091554,76,Anura
I13522_REF_PseNig_Anura_Hylidae_Pseudacris_nigrita_seq1,7.34,Hylidae,yes Acridinae,,,21388,0,0,Anura
I4158_QCAZA48818_Anura_Hylidae_Phyllomedusa_vaillantii_seq1,12.19,Hylidae,,,,35517,0.04360036,127,Anura
I13521_REF_PseFer_Anura_Hylidae_Pseudacris_feriarum_seq1,14.8,Hylidae,,,,43111,0,0,Anura
I4411_KZ1713_Anura_Hylodidae_Hylodes_phyllodes_seq1,3.43,Hylolidae,,,,9985,0.00137324,4,Anura
I7701_R1139_Anura_Hyperoliidae_Cryptothylax_greshoffi_seq1,2.72,Hyperoliidae,,,,7931,0.00068662,2,Anura
I4403_MCZ_136920_Anura_Hyperoliidae_Hyperolius_guttulatus_seq1,3.89,Hyperoliidae,,,,11326,0.013389087,39,Anura
I7704_R1129_Anura_Hyperoliidae_Heterixalus_luteostriatus_seq1,3.89,Hyperoliidae,,,,11330,0.00137324,4,Anura
I6457_AMCC_124754_Anura_Hyperoliidae_Phlyctimantis_leonardi_seq1,4.43,Hyperoliidae,,,,12918,0.020598595,60,Anura
I7713_R838_Anura_Hyperoliidae_Semnodactylus_wealii_seq1,4.89,Hyperoliidae,,,,14245,0.004806339,14,Anura
I6475_MCZ_A_139760_Anura_Hyperoliidae_Afrixalus_fulvovittatus_seq1,8.02,Hyperoliidae,,,,23347,0.059735926,174,Anura
I7708_R1195_Anura_Hyperoliidae_Opisthothylax_immaculatus_seq1,8.3,Hyperoliidae,,,,24180,0.007552818,22,Anura
I4428_AMCC_125880_Anura_Hyperoliidae_Alexteroon_obstetricans_seq1,9.45,Hyperoliidae,,,,27536,0.070721843,206,Anura
I7707_R843_Anura_Hyperoliidae_Kassina_senegalensis_seq1,20.74,Hyperoliidae,,,,60398,0.025748244,75,Anura
I4448_DMG_5134_Anura_Leiopelmatidae_Leiopelma_hochstetteri_seq1,50.04,Leiopelmatidae,,,,145744,0.009612678,28,Anura
I4406_MVZ_231766_Anura_Leptodactylidae_Pleurodema_bibroni_seq1,3.13,Leptodactylidae,,,,9103,0.00068662,2,Anura
I8567_LSUMNS_15432_Anura_Leptodactylidae_Lithodytes_lineatus_seq1,3.25,Leptodactylidae,,,,9455,0.010642608,31,Anura
I4405_CAS_245125_Anura_Leptodactylidae_Leptodactylus_fuscus_seq1,3.63,Leptodactylidae,,,,10584,0.002746479,8,Anura
I6441_MVZ_264270_Anura_Leptodactylidae_Physalaemus_pustulosus_seq1,3.73,Leptodactylidae,,,,10864,0.006866198,20,Anura
I4407_MVZ_238732_Anura_Mantellidae_Boophis_pyrrhus_seq1,2.91,Mantellidae,,,,8475,0.014075707,41,Anura
I6422_MVZ_238723_Anura_Mantellidae_Aglyptodactylus_madagascariensis_seq1,2.92,Mantellidae,,,,8498,0.005836269,17,Anura
I8244_R971_Anura_Mantellidae_Guibemantis_pulcher_seq1,3.87,Mantellidae,,,,11287,0.00171655,5,Anura
I8233_R942_Anura_Mantellidae_Gephyromantis_ambohitra_seq1,4.1,Mantellidae,,,,11941,0.002746479,8,Anura
I7734_R969_Anura_Mantellidae_Mantidactylus_lugabris_seq1,4.32,Mantellidae,,,,12594,0.002746479,8,Anura
I7730_R930_Anura_Mantellidae_Mantella_betsileo_seq1,5.26,Mantellidae,,,,15309,0.006522888,19,Anura
I8229_R928_Anura_Mantellidae_Boophis_albipunctatus_seq1,9.27,Mantellidae,,,,27004,0.014762327,43,Anura
I6473_CAS_234295_Anura_Megophryidae_Scutiger_gongshanensis_seq1,17.92,Megophryidae,,,,52191,0.021285215,62,Anura
I4408_MVZ_226277_Anura_Megophryidae_Brachytarsophrys_feae_seq1,18.52,Megophryidae,,,,53952,0.006179579,18,Anura
I6429_AMCC_106397_Anura_Megophryidae_Leptobrachium_chapaense_seq1,20.45,Megophryidae,,,,59578,0.025404934,74,Anura
I6416_AMCC_144796_Anura_Megophryidae_Ophryophryne_hansi_seq1,21.3,Megophryidae,,,,62031,0.031241203,91,Anura
I4409_CAS_240922_Anura_Megophryidae_Megophrys_glandulosa_seq1,21.55,Megophryidae,,,,62776,0.007209508,21,Anura
I13358_PT273_Anura_Microhylidae_Stereocyclops_incrassatus_seq1,3.14,Microhylidae,,,,9149,0,0,Anura
I7739_R1330_Anura_Microhylidae_Phrynomantis_annectens_seq1,3.24,Microhylidae,,,,9436,0.00034331,1,Anura
I13349_PT284_Anura_Microhylidae_Hyophryne_histrio_seq1,3.28,Microhylidae,,,,9562,0.00068662,2,Anura
I8562_LSUMNS_17434_Anura_Microhylidae_Ctenophryne_geayi_seq1,3.33,Microhylidae,,,,9712,0.012015847,35,Anura
I13357_PT312_Anura_Microhylidae_Scaphiophryne_brevis_seq1,3.36,Microhylidae,,,,9792,0.00102993,3,Anura
I13342_PT448_Anura_Microhylidae_Cophixalus_balbus_seq1,3.37,Microhylidae,,,,9820,0.002403169,7,Anura
I4435_AMCC_125588_Anura_Microhylidae_Dermatonotus_muelleri_seq1,3.38,Microhylidae,,,,9837,0.019911975,58,Anura
I6463_MVZ_238744_Anura_Microhylidae_Dyscophus_guineti_seq1,3.5,Microhylidae,,,,10199,0.009955988,29,Anura
I10392_FMNH_231112_Anura_Microhylidae_Chaperina_fusca_seq1,3.54,Microhylidae,,,,10324,0.00137324,4,Anura
I6436_AMCC_103335_Anura_Microhylidae_Platypelis_occultans_seq1,3.74,Microhylidae,,,,10888,0.005492959,16,Anura
I7740_R1208_Anura_Microhylidae_Ramanella_variegata_cf_seq1,3.8,Microhylidae,,,,11076,0.00068662,2,Anura
I4419_CAS_236077_Anura_Microhylidae_Calluella_guttulata_seq1,3.95,Microhylidae,,,,11513,0.00068662,2,Anura
I10393_ABTC_50092_Anura_Microhylidae_Oreophryne_brachypus_seq1,3.95,Microhylidae,,,,11515,0.00034331,1,Anura
I13353_PT340_Anura_Microhylidae_Myersiella_sp_seq1,3.95,Microhylidae,,,,11517,0.00068662,2,Anura
I13354_PT459_Anura_Microhylidae_Otophryne_robusta_seq1,3.96,Microhylidae,,,,11533,0.003433099,10,Anura
I13356_PT287_Anura_Microhylidae_Phrynomantis_bifasciatus_seq1,4.06,Microhylidae,,,,11835,0.00137324,4,Anura
I13335_PT321_Anura_Microhylidae_Altigius_alios_seq1,4.18,Microhylidae,,,,12184,0.00068662,2,Anura
I10391_ROM_44169_Anura_Microhylidae_Adelastes_hylonomos_seq1,4.2,Microhylidae,,,,12224,0.003433099,10,Anura
I13343_PT428_Anura_Microhylidae_Copiula_oxyrhina_seq1,4.31,Microhylidae,,,,12568,0.00137324,4,Anura
I6430_AMCC_103414_Anura_Microhylidae_Stumpffia_grandis_seq1,4.49,Microhylidae,,,,13066,0.004806339,14,Anura
I4440_YPM_013065_Anura_Microhylidae_Kaloula_pulchra_seq1,4.56,Microhylidae,,,,13297,0.00102993,3,Anura
I6455_CAS_247906_Anura_Microhylidae_Micryletta_inornata_seq1,4.71,Microhylidae,,,,13712,0.005836269,17,Anura
I13360_PT271_Anura_Microhylidae_Synapturanus_salseri2_seq1,4.92,Microhylidae,,,,14322,0.002403169,7,Anura
I13345_PT059_Anura_Microhylidae_Elachistocleis_helianneae_seq1,4.98,Microhylidae,,,,14496,0.006522888,19,Anura
I13334_PT425_Anura_Microhylidae_Albericus_exclamitans_seq1,5.05,Microhylidae,,,,14708,0.002403169,7,Anura
I13336_PT359_Anura_Microhylidae_Anodonthyla_nigrigularis_seq1,5.07,Microhylidae,,,,14770,0.00171655,5,Anura
I6454_CAS_233947_Anura_Microhylidae_Microhyla_ornata_seq1,5.13,Microhylidae,,,,14938,0.021628525,63,Anura
I6451_CAS_234799_Anura_Microhylidae_Glyphoglossus_molossus_seq1,5.32,Microhylidae,,,,15500,0.053899657,157,Anura
I13341_PT441_Anura_Microhylidae_Choerophryne_proboscidea_seq1,5.34,Microhylidae,,,,15567,0.005492959,16,Anura
I13339_PT164_Anura_Microhylidae_Calluella_yunnanensis_seq1,5.35,Microhylidae,,,,15594,0.006179579,18,Anura
I13351_PT507_Anura_Microhylidae_Metamagnusia_slateri_seq1,5.36,Microhylidae,,,,15610,0.00137324,4,Anura
I8566_CAS_247917_Anura_Microhylidae_Kalophrynus_pleurostigma_seq1,5.49,Microhylidae,,,,15989,0.009955988,29,Anura
I13340_PT440_Anura_Microhylidae_Callulops_personatus_seq1,5.52,Microhylidae,,,,16067,0.005836269,17,Anura
I13337_PT281_Anura_Microhylidae_Arcovomer_sp_seq1,5.61,Microhylidae,,,,16341,0.005492959,16,Anura
I13362_PT454_Anura_Microhylidae_Xenobatrachus_fuscigula_seq1,5.64,Microhylidae,,,,16429,0.003433099,10,Anura
I13359_PT265_Anura_Microhylidae_Stumpffia_roseifemoralis_seq1,5.94,Microhylidae,,,,17299,0.012015847,35,Anura
I13344_PT332_Anura_Microhylidae_Dasypops_schirchi_seq1,5.98,Microhylidae,,,,17430,0.00137324,4,Anura
I13348_PT424_Anura_Microhylidae_Hylophorbus_rainerguntheri_seq1,6.4,Microhylidae,,,,18655,0.011672537,34,Anura
I13346_PT452_Anura_Microhylidae_Genyophryne_thomsoni_seq1,6.66,Microhylidae,,,,19408,0.006866198,20,Anura
I13350_PT168_Anura_Microhylidae_Kalophrynus_interlineatus1_seq1,6.67,Microhylidae,,,,19442,0.002746479,8,Anura
I13338_PT439_Anura_Microhylidae_Barygenys_nana_seq1,7,Microhylidae,,,,20404,0.017165496,50,Anura
I13361_PT198_Anura_Microhylidae_Syncope_carvalhoi_seq1,8.23,Microhylidae,,,,23983,0.00102993,3,Anura
I13352_PT236_Anura_Microhylidae_Metaphrynella_sundana_seq1,9.09,Microhylidae,,,,26488,0.00102993,3,Anura
I13523_REF_GasCar_Anura_Microhylidae_Gastrophryne_carolinensis_seq1,13.8,Microhylidae,,,,40197,0,0,Anura
I13347_PT043_Anura_Microhylidae_Hamptophryne_boliviana_seq1,15.72,Microhylidae,,,,45801,0.008239438,24,Anura
I13355_PT455_Anura_Microhylidae_Oxydactyla_alpestris_seq1,26.51,Microhylidae,,,,77219,0.00102993,3,Anura
I8564_MV_21476_Anura_Myobatrachidae_Geocrinia_victoriana_seq1,3.49,Myobatrachidae,,,,10175,0.010985917,32,Anura
I9034_70661_Anura_Myobatrachidae_Notaden_nichollsi_seq1,3.88,Myobatrachidae,,,,11297,0.00034331,1,Anura
I8570_MV_21528_Anura_Myobatrachidae_Neobatrachus_sudelli_seq1,3.9,Myobatrachidae,,,,11366,0.00205986,6,Anura
I6486_SAMAR66870_Anura_Myobatrachidae_Lymnodynastes_dumerilli_seq1,4.04,Myobatrachidae,,,,11779,0.009612678,28,Anura
I8571_MV_21479_Anura_Myobatrachidae_Paracrinia_haswelli_seq1,4.76,Myobatrachidae,,,,13870,0.013732397,40,Anura
I13524_REF_MixSch_Anura_Myobatrachidae_Mixophyes_schevilli_seq1,10.61,Myobatrachidae,,,,30914,0,0,Anura
I10935_NCBS_AI442_Anura_Nasikabatrachidae_Nasikabatrachus_sahyadrensis_seq1,54.18,Nasikabatrachidae,,,,157827,0.003433099,10,Anura
I10934_NCBS_AG004_Anura_Nyctibatrachidae_Nyctibatrachus_petraeus_seq1,3.43,Nyctibatrachidae,,,,9998,0.007209508,21,Anura
I4415_CAS_230053_Anura_Odontobatrachidae_Odontobatrachus_natator_seq1,2.92,Odontobatrachidae,,,,8500,0,0,Anura
I4412_MVZ_145208_Anura_Odontophrynidae_Odontophrynus_occidentalis_seq1,3.3,Odontophrynidae,,,,9612,0,0,Anura
I6439_MCZ_A_139541_Anura_Petropedetidae_Petropedetes_parkeri_seq1,2.78,Petropedetidae,,,,8111,0.00068662,2,Anura
I6428_AMCC_106956_Anura_Petropedetidae_Arthroleptides_martiensseni_seq1,3.37,Petropedetidae,,,,9814,0.004119719,12,Anura
I4416_CAS_218893_Anura_Phrynobatrachidae_Phrynobatrachus_leveleve_seq1,4.5,Phrynobatrachidae,,,,13098,0.003089789,9,Anura
I6461_MVZ_226261_Anura_Phrynobatrachidae_Phrynobatrachus_keniensis_seq1,5.07,Phrynobatrachidae,,,,14778,0.035704232,104,Anura
I6453_PMH_2014_Anura_Pipidae_Hymenochirus_boettgeri_seq1,15.61,Pipidae,,,,45460,0.027464794,80,Anura
I8572_LSUMNS_12511_Anura_Pseudidae_Pseudis_paradoxa_seq1,2.79,Pseudidae,yes Pseudinae,,,8124,0.00068662,2,Anura
I7783_R1068_Anura_Ptychadenidae_Ptychadena_mascareniensis_seq1,3.36,Ptychadenidae,,,,9786,0.002746479,8,Anura
I6433_AMCC_105565_Anura_Pyxicephalidae_Strongylopus_bonaespei_seq1,2.41,Pyxicephalidae,,,,7014,0,0,Anura
I7801_R725_Anura_Pyxicephalidae_Pyxicephalus_adspersus_adspersus_seq1,2.89,Pyxicephalidae,,,,8419,0.007896128,23,Anura
I8191_R371_Anura_Pyxicephalidae_Cacosternum_albiventer_seq1,3.28,Pyxicephalidae,,,,9544,0.00034331,1,Anura
I8205_R569_Anura_Pyxicephalidae_Natalobatrachus_bonebergi_seq1,3.29,Pyxicephalidae,,,,9571,0.00102993,3,Anura
I8199_R363_Anura_Pyxicephalidae_Cacosternum_platys_seq1,3.35,Pyxicephalidae,,,,9752,0.00102993,3,Anura
I6438_AMCC_105559_Anura_Pyxicephalidae_Arthroleptella_bicolor_seq1,3.35,Pyxicephalidae,,,,9761,0.007209508,21,Anura
I7822_R831_Anura_Pyxicephalidae_Strongylopus_fasciatus_seq1,4.36,Pyxicephalidae,,,,12698,0.00137324,4,Anura
I7794_R527_Anura_Pyxicephalidae_Aubria_subsigillata_seq1,10.05,Pyxicephalidae,,,,29287,0.017852116,52,Anura
I7827_R410_Anura_Pyxicephalidae_Tomopterna_cryptotis_seq1,15.75,Pyxicephalidae,,,,45891,0.039137331,114,Anura
I6466_MVZ_258265_Anura_Ranidae_Odorrana_banaorum_seq1,2.78,Ranidae,,,,8103,0.009955988,29,Anura
I7910_R1164_Anura_Ranidae_Staurois_natator_seq1,2.89,Ranidae,,,,8404,0.00102993,3,Anura
I7882_R1162_Anura_Ranidae_Meristogenys_orphnocnemis_seq1,3.01,Ranidae,,,,8782,0.003433099,10,Anura
I6420_AMCC_138323_Anura_Ranidae_Huia_nasica_seq1,3.03,Ranidae,,,,8837,0.015448946,45,Anura
I6460_CAS_234711_Anura_Ranidae_Pterorana_khare_seq1,3.04,Ranidae,,,,8868,0.009612678,28,Anura
I8574_LSUMNS_17589_Anura_Ranidae_Lithobates_palmipes_seq1,3.45,Ranidae,,,,10045,0.014762327,43,Anura
I7897_R153_Anura_Ranidae_Pelophylax_ridibunda_seq1,3.46,Ranidae,,,,10076,0,0,Anura
I7849_R185_Anura_Ranidae_Babina_chapaensis_seq1,3.89,Ranidae,,,,11340,0.012702467,37,Anura
I7868_R1144_Anura_Ranidae_Hylarana_Sylvirana_nigrovittata_seq1,3.98,Ranidae,,,,11590,0.006866198,20,Anura
I7908_R1168_Anura_Ranidae_Sanguirana_sanguinea_seq1,4.43,Ranidae,,,,12895,0.003776409,11,Anura
I7875_R1141_Anura_Ranidae_Lithobates_pipiens_seq1,4.46,Ranidae,,,,12988,0.005836269,17,Anura
I8575_LSUMNS_10459_Anura_Ranidae_Papurana_papua_seq1,4.47,Ranidae,,,,13014,0.026778174,78,Anura
I6480_YPM_013741_Anura_Ranidae_Hylarana_picturata_seq1,4.51,Ranidae,,,,13149,0.028151413,82,Anura
I6446_CAS_242607_Anura_Ranidae_Amolops_medogensis_seq1,4.52,Ranidae,,,,13166,0.023001765,67,Anura
I13526_REF_LitSph_Anura_Ranidae_Lithobates_sphenocephala_seq1,16.64,Ranidae,,,,48468,0,0,Anura
I7967_R241_Anura_Rhacophoridae_Rhacophorus_pardalis_seq1,2.84,Rhacophoridae,,,,8263,0.00068662,2,Anura
I6459_CAS_241141_Anura_Rhacophoridae_Polypedates_leucomystax_seq1,2.93,Rhacophoridae,,,,8523,0.007896128,23,Anura
I7929_R1149_Anura_Rhacophoridae_Gorhixalus_hosii_seq1,3.01,Rhacophoridae,,,,8778,0.004463029,13,Anura
I7935_R1112_Anura_Rhacophoridae_Kurixalus_appendiculatus_seq1,3.09,Rhacophoridae,,,,9003,0.00137324,4,Anura
I4421_CAS_224676_Anura_Rhacophoridae_Rhacophorus_rhodopus_seq1,3.12,Rhacophoridae,,,,9075,0.00034331,1,Anura
I6440_MVZ_241442_Anura_Rhacophoridae_Buergeria_oxycephalus_seq1,3.18,Rhacophoridae,,,,9261,0.007209508,21,Anura
I7946_R075_Anura_Rhacophoridae_Nyctixalus_pictus_seq1,3.46,Rhacophoridae,,,,10082,0.00137324,4,Anura
I7927_R233_Anura_Rhacophoridae_Feihyla_palpebralis_seq1,3.87,Rhacophoridae,,,,11272,0.002746479,8,Anura
I6456_CAS_233160_Anura_Rhacophoridae_Philautus_parvulus_seq1,3.94,Rhacophoridae,,,,11477,0.009955988,29,Anura
I6470_MVZ_225131_Anura_Rhacophoridae_Theloderma_corticale_seq1,4.51,Rhacophoridae,,,,13137,0.002403169,7,Anura
I7961_R1120_Anura_Rhacophoridae_Raorchestes_gryllus_seq1,4.79,Rhacophoridae,,,,13964,0.003089789,9,Anura
I7925_R538_Anura_Rhacophoridae_Chiromantis_xerampelina_seq1,5.19,Rhacophoridae,,,,15120,0.003776409,11,Anura
I4422_MVZ_164829_Anura_Rhinodermatidae_Rhinoderma_darwinii_seq1,3.67,Rhinodermatidae,,,,10693,0,0,Anura
I4424_CAS_229217_Anura_Scaphiopodidae_Scaphiopus_couchii_seq1,13.22,Scaphiopodidae,,,,38514,0.00171655,5,Anura
I9326_CR04_Labisko_Anura_Sooglossidae_Sooglossus_sechellensis_seq1,8.04,Sooglossidae,,,,23432,0.002746479,8,Anura
I4426_USNM_268942_Anura_Strabomantidae_Pristimantis_ridens_seq1,4.16,Strabomantidae,,,,12107,0.002403169,7,Anura
I4445_AMCC_107352_Anura_Strabomantidae_Phrynopus_sp_seq1,5.02,Strabomantidae,,,,14632,0.005149649,15,Anura
I4427_KU_290640_Anura_Telamatobiidae_Telmatobius_niger_seq1,3.62,Telamatobiidae,,,,10551,0.002403169,7,Anura
Gallus_TAXID_9031_seq1,14.76,,,,,43006,0,0,Aves
I12497_PMH_PR02_Caudata_Plethodontidae_Pseudotriton_ruber_seq1,25.09,Plethodontidae,,,,73069,0.004806339,14,Caudata
I11148_ELJ_1554_Caudata_Plethodontidae_Batrachoseps_nigriventris_seq1,27.23,Plethodontidae,,,,79312,0.006522888,19,Caudata
I12496_MVZ_263972_Caudata_Plethodontidae_Nyctanolis_pernix_seq1,31.07,Plethodontidae,,,,90489,0.005836269,17,Caudata
I12499_Tpeirson_03_Caudata_Plethodontidae_Hemidactylium_scutatum_seq1,40.84,Plethodontidae,,,,118957,0.007552818,22,Caudata
I12498_MVZ_247157_Caudata_Plethodontidae_Karsenia_koreana_seq1,75.44,Plethodontidae,,,,219741,0.004806339,14,Caudata
I3715_JK03_Caudata_Plethodontidae_Desmognathus_fuscus_seq1,23.03,,,,,67079,0.003433099,10,Caudata
I3716_JK08_Caudata_Plethodontidae_Desmognathus_quadromaculatus_seq1,23.87,,,,,69538,0.002746479,8,Caudata
I3711_JK07_Caudata_Plethodontidae_Desmognathus_wrighti_seq1,24.38,,,,,71007,0.005836269,17,Caudata
I9336_PMH_15_APR_2013_Caudata_Plethodontidae_Gyrinophilus_porphyriticus_seq1,24.61,,,,,71671,0.004119719,12,Caudata
I3542_YPM_9865_Caudata_Hynobiidae_Hynobius_nigrescens_seq1,25.3,,,,,73689,0.009269368,27,Caudata
I4359_P_82_Caudata_Plethodontidae_Phaeognathus_hubrichti_seq1,26.15,,,,,76159,0.003776409,11,Caudata
I3539_YPM_10577_Caudata_Hynobiidae_Pachyhynobius_shangchengensis_seq1,26.27,,,,,76514,0.005492959,16,Caudata
I3717_JK09_Caudata_Plethodontidae_Plethodon_jordani_seq1,26.62,,,,,77551,0.007896128,23,Caudata
I3707_PMH_ELK13_Caudata_Cryptobranchidae_Cryptobranchus_alleganiensis_seq1,27.48,,,,,80033,0.014075707,41,Caudata
I3544_JK02_Tig_Caudata_Ambystomatidae_Ambystoma_tigrinum_seq1,29.54,,,,,86048,0.004806339,14,Caudata
I3704_PMH_C37AF_Caudata_Cryptobranchidae_Cryptobranchus_alleganiensis_seq1,29.64,,,,,86325,0.015105636,44,Caudata
I3538_RB09_T23_Caudata_Ambystomatidae_Ambystoma_talpoidium_seq1,29.78,,,,,86743,0.009612678,28,Caudata
I3702_PMH_AD03_Caudata_Cryptobranchidae_Andrias_davidianus_seq1,32.36,,,,,94261,0.013045777,38,Caudata
I3710_CSU01_Caudata_Plethodontidae_Aneides_flavipunctatus_seq1,32.59,,,,,94929,0.015792256,46,Caudata
I9337_TP26195_Caudata_Salamandridae_Echinotriton_chinhaiensis_seq1,33.8,,,,,98443,0.006866198,20,Caudata
I4358_AMCC_118113_Caudata_Plethodontidae_Bolitoglossa_riletti_seq1,36.73,,,,,106974,0.014762327,43,Caudata
I9338_TP27066_Caudata_Salamandridae_Neurergus_crocatus_seq1,37.59,,,,,109494,0.004806339,14,Caudata
I9327_JRJ_2012_Caudata_Plethodontidae_Eurycea_lucifuga_seq1,38.16,,,,,111144,0.009269368,27,Caudata
I3703_PMH_AJ12_Caudata_Cryptobranchidae_Andrias_japonicus_seq1,41.17,,,,,119917,0.012359157,36,Caudata
I3536_LSUMZ_H_11333_Caudata_Rhyacotritonidae_Rhyacotriton_olympicus_seq1,41.82,,,,,121823,0.013045777,38,Caudata
I3541_RB01_OP4_Caudata_Ambystomatidae_Ambystoma_opacum_seq1,42.09,,,,,122596,0.008926058,26,Caudata
I3701_DWW392_Caudata_Hynobiidae_Salamandrella_keyserlingii_seq1,43.19,,,,,125808,0.006179579,18,Caudata
I4362_MVZ_244076_Caudata_Proteidae_Proteus_anguinus_seq1,49.17,,,,,143230,0.010985917,32,Caudata
I9340_TP26609_Caudata_Salamandridae_Triturus_vulgaris_seq1,49.28,,,,,143554,0.012702467,37,Caudata
I4349_DWW_1781_Caudata_Ambystomatidae_Ambystoma_mexicanum_seq1,49.36,,,,,143789,0.011672537,34,Caudata
I3700_DWW_0379_Caudata_Hynobiidae_Batrachuperus_persicus_seq1,49.61,,,,,144502,0.005492959,16,Caudata
I3534_LSUMZ_H_11856_Caudata_Salamandridae_Notophthalmus_viridescens_seq1,50.3,,,,,146510,0.016478876,48,Caudata
I9333_TP25555_Caudata_Salamandridae_Tylototriton_kweichowensis_seq1,51.26,,,,,149320,0.017852116,52,Caudata
I9339_TP24839_Caudata_Salamandridae_Paramesotriton_hongkongensis_seq1,53.93,,,,,157075,0.007896128,23,Caudata
I9332_s7539_Caudata_Salamandridae_Salamandrina_terdigitata_seq1,61.31,,,,,178576,0.003776409,11,Caudata
I4351_MVZ_232868a_Caudata_Amphiumidae_Amphiuma_tridactylum_seq1,70.93,,,,,206593,0.010985917,32,Caudata
I13533_REF_SirInt_Caudata_Sirenidae_Siren_intermedia_seq1,73.49,,,,,214053,0,0,Caudata
I4356_DWW_2567_Caudata_Dicamptodontidae_Dicamptodon_copei_seq1,75.64,,,,,220337,0.007552818,22,Caudata
I3535_PMH_7759_Caudata_Proteidae_Necturus_maculosus_seq1,76.34,,,,,222354,0.011329227,33,Caudata
I9331_TP25088_Caudata_Salamandridae_Salamandra_salamandra_seq1,76.51,,,,,222873,0.006866198,20,Caudata
I9330_TP24749_Caudata_Salamandridae_Cynops_ensicauda_seq1,90.51,,,,,263653,0.00068662,2,Caudata
Latimeria_TAXID_7897_seq1,17.32,,,,,50440,0,0,Fish
I4436_YPM_013118_Gymnophiona_Dermophiidae_Geotrypetes_seraphini_seq1,20.02,,,,,58304,0.007209508,21,G
I4437_YPM_013116_Gymnophiona_Herpelidae_Herpele_squalostoma_seq1,37.26,,,,,108519,0.006179579,18,G
I4342_MVZ_258024_Gymnophiona_Indotyphlidae_Grandisonia_alternans_seq1,23.9,,,,,69626,0.010985917,32,Gymnophiona
I4340_MVZ_179505_Gymnophiona_Herpelidae_Boulengerula_taitana_seq1,25.03,,,,,72911,0.003089789,9,Gymnophiona
I4345_AMCC_117706_Gymnophiona_Scolecomorphidae_Crotaphatrema_tchabalmbaboensis_seq1,27.45,,,,,79962,0.005836269,17,Gymnophiona
I8577_CAS_168812_Gymnophiona_Scolecomorphidae_Scolecomorphus_vittatum_seq1,27.98,,,,,81506,0.012359157,36,Gymnophiona
I13518_REF_IchBan_Gymnophiona_Ichthyophiidae_Ichthyophis_bannanicus_seq1,28.09,,,,,81816,0,0,Gymnophiona
I4346_BPN_Ga169_Gymnophiona_Siphonopidae_Microcaecilia_sp_seq1,30.72,,,,,89474,0.004463029,13,Gymnophiona
I6479_SLZ_971026_Gymnophiona_Dermophiidae_Dermophis_mexicanus_seq1,34.7,,,,,101081,0.006522888,19,Gymnophiona
I4337_BPN_1499_Gymnophiona_Caeciliidae_Caecilia_tentaculata_seq1,36.44,,,,,106129,0.005149649,15,Gymnophiona
I4338_MVZ_228795_Gymnophiona_Dermophiidae_Gymnopis_multiplicata_seq1,41.06,,,,,119590,0.002403169,7,Gymnophiona
I4339_CAS_218738_Gymnophiona_Dermophiidae_Schistometopum_thomense_seq1,44.01,,,,,128200,0.007896128,23,Gymnophiona
I4347_MVZ_162592_Gymnophiona_Siphonopidae_Siphonops_annulatus_seq1,54.17,,,,,157780,0.00205986,6,Gymnophiona
I4348_MVZ_179733_Gymnophiona_Typhlonectidae_Typhlonectes_natans_seq1,68.66,,,,,199986,0.00137324,4,Gymnophiona
Homo_TAXID_9606_seq1,19.66,,,,,57259,0,0,Mammalia
Anolis_TAXID_28377_seq1,16.19,,,,,47156,0.00034331,1,Squamata
Chrysemys_TAXID_8478_seq1,11.59,,,,,33760,0,0,Testudines
Rhinatrema_bivittatum,66.17,,,,,192728,0,0,